-- phpMyAdmin SQL Dump
-- version 4.8.3
-- https://www.phpmyadmin.net/
--
-- Host: localhost
-- Generation Time: Oct 10, 2018 at 02:32 AM
-- Server version: 10.1.36-MariaDB
-- PHP Version: 7.2.10

SET SQL_MODE = "NO_AUTO_VALUE_ON_ZERO";
SET AUTOCOMMIT = 0;
START TRANSACTION;
SET time_zone = "+00:00";


/*!40101 SET @OLD_CHARACTER_SET_CLIENT=@@CHARACTER_SET_CLIENT */;
/*!40101 SET @OLD_CHARACTER_SET_RESULTS=@@CHARACTER_SET_RESULTS */;
/*!40101 SET @OLD_COLLATION_CONNECTION=@@COLLATION_CONNECTION */;
/*!40101 SET NAMES utf8mb4 */;

--
-- Database: `lgu_paeis_db`
--
CREATE DATABASE IF NOT EXISTS `lgu_paeis_db` DEFAULT CHARACTER SET latin1 COLLATE latin1_swedish_ci;
USE `lgu_paeis_db`;

-- --------------------------------------------------------

--
-- Table structure for table `bpls_r_business_nature`
--
-- Creation: Oct 09, 2018 at 08:42 PM
--

DROP TABLE IF EXISTS `bpls_r_business_nature`;
CREATE TABLE IF NOT EXISTS `bpls_r_business_nature` (
  `BN_ID` int(11) NOT NULL AUTO_INCREMENT,
  `BN_NAME` varchar(100) NOT NULL,
  `BN_CLASSIFICATION` enum('S','L') NOT NULL,
  PRIMARY KEY (`BN_ID`)
) ENGINE=InnoDB AUTO_INCREMENT=64 DEFAULT CHARSET=latin1 ROW_FORMAT=COMPACT;

--
-- RELATIONSHIPS FOR TABLE `bpls_r_business_nature`:
--

--
-- Dumping data for table `bpls_r_business_nature`
--

INSERT INTO `bpls_r_business_nature` (`BN_ID`, `BN_NAME`, `BN_CLASSIFICATION`) VALUES
(1, 'Accounting Services', 'S'),
(2, 'Administrative Office', 'S'),
(3, 'Building Maintenance', 'S'),
(4, 'Carinderias', 'S'),
(5, 'Consultancy Firms', 'S'),
(6, 'Deep Well Drilling Office', 'S'),
(7, 'Engineering Services', 'S'),
(8, 'General Building Contractor', 'S'),
(9, 'General Engineering Office', 'S'),
(10, 'Graphic Arts Design Firms', 'S'),
(11, 'Installation of Wall Coverings', 'S'),
(12, 'Landscaping', 'S'),
(13, 'Law Offices', 'S'),
(14, 'Lessor /Apartment (upt ot 3 doors)', 'S'),
(15, 'Liaison Offices', 'S'),
(16, 'Management Consultancy', 'S'),
(17, 'Marketing Consultancy', 'S'),
(18, 'Merchandise Brokerage', 'S'),
(19, 'Messengers Services', 'S'),
(20, 'Non-Life Insurance Agency', 'S'),
(21, 'Real Estate Brokers', 'S'),
(22, 'Real Estate Developers', 'S'),
(23, 'Retailers', 'S'),
(24, 'Wholesalers', 'S'),
(25, 'Retail Peddlers', 'S'),
(26, 'Sari-sari Stores', 'S'),
(27, 'Travel Agency', 'S'),
(28, 'Watch Repair Shops', 'S'),
(29, 'Water Refilling Stations', 'S'),
(30, 'Shopping Malls', 'L'),
(31, 'Hotels', 'L'),
(32, 'Motels', 'L'),
(33, 'Apartelles', 'L'),
(34, 'Inns', 'L'),
(35, 'Dormitories', 'L'),
(36, 'Theaters', 'L'),
(37, 'Auditoriums', 'L'),
(38, 'Cockpit Arenas', 'L'),
(39, 'Boxing Arenas', 'L'),
(40, 'Firing Ranges', 'L'),
(41, 'Convention Halls', 'L'),
(42, 'Concert Halls', 'L'),
(43, 'Hospitals', 'L'),
(44, 'Laboratories', 'L'),
(45, 'Gasoline Stations', 'L'),
(46, 'Cooking Gas Outlets', 'L'),
(47, 'LPG Refilling Stations', 'L'),
(48, 'Schools', 'L'),
(49, 'BPO/Call Centers', 'L'),
(50, 'Manufacturing Plants', 'L'),
(51, 'Assembly Plants', 'L'),
(52, 'Distilleries and Breweries', 'L'),
(53, 'Compound Mixing Plants', 'L'),
(54, 'Chemicals', 'L'),
(55, 'Warehouses', 'L'),
(56, 'Night Clubs', 'L'),
(57, 'Sauna Bath Houses', 'L'),
(58, 'Beer Houses', 'L'),
(59, 'KTV Bars', 'L'),
(60, 'Disco Houses', 'L'),
(61, 'Cocktail Lounges', 'L'),
(62, 'Transport Services', 'L'),
(63, 'And other similar Establishments', 'L');

-- --------------------------------------------------------

--
-- Table structure for table `bpls_r_bu_ar`
--
-- Creation: Oct 09, 2018 at 08:43 PM
--

DROP TABLE IF EXISTS `bpls_r_bu_ar`;
CREATE TABLE IF NOT EXISTS `bpls_r_bu_ar` (
  `AR_ID` int(11) DEFAULT NULL,
  `BU_ID` int(11) DEFAULT NULL,
  KEY `bu_ar_fk_bu` (`BU_ID`) USING BTREE,
  KEY `bu_ar_fk_ar` (`AR_ID`) USING BTREE
) ENGINE=InnoDB DEFAULT CHARSET=latin1 ROW_FORMAT=COMPACT;

--
-- RELATIONSHIPS FOR TABLE `bpls_r_bu_ar`:
--   `AR_ID`
--       `bpls_t_authorize_rep` -> `AR_ID`
--   `BU_ID`
--       `bpls_t_business` -> `BU_ID`
--

--
-- Dumping data for table `bpls_r_bu_ar`
--

INSERT INTO `bpls_r_bu_ar` (`AR_ID`, `BU_ID`) VALUES
(6, 1),
(7, 2),
(8, 3),
(9, 4),
(10, 5),
(11, 6),
(13, 7),
(14, 8),
(15, 9),
(16, 10),
(17, 11),
(18, 12),
(19, 13),
(20, 14),
(21, 15),
(22, 16),
(23, 17),
(24, 18),
(25, 19),
(26, 20),
(27, 21),
(28, 22),
(29, 23),
(30, 24),
(31, 25),
(32, 26),
(36, 27),
(37, 28),
(38, 29),
(39, 30);

-- --------------------------------------------------------

--
-- Table structure for table `bpls_r_division`
--
-- Creation: Oct 09, 2018 at 08:42 PM
--

DROP TABLE IF EXISTS `bpls_r_division`;
CREATE TABLE IF NOT EXISTS `bpls_r_division` (
  `DIV_ID` int(11) NOT NULL AUTO_INCREMENT,
  `DIV_CODE` varchar(10) NOT NULL,
  `DIV_NAME` varchar(50) NOT NULL,
  `DIV_DESC` varchar(300) NOT NULL,
  PRIMARY KEY (`DIV_ID`),
  UNIQUE KEY `UNQ_DIV_CODE` (`DIV_CODE`) USING BTREE
) ENGINE=InnoDB AUTO_INCREMENT=7 DEFAULT CHARSET=latin1 ROW_FORMAT=COMPACT;

--
-- RELATIONSHIPS FOR TABLE `bpls_r_division`:
--

--
-- Dumping data for table `bpls_r_division`
--

INSERT INTO `bpls_r_division` (`DIV_ID`, `DIV_CODE`, `DIV_NAME`, `DIV_DESC`) VALUES
(1, 'DIV-EV', 'Evaluation', ''),
(2, 'DIV-INS', 'Inspection', ''),
(3, 'DIV-INV', 'Investigation', ''),
(4, 'DIV-TRE', 'Treasury', ''),
(5, 'DIV-REL', 'Releasing', ''),
(6, 'DIV-SYSAD', 'System Admin', '');

-- --------------------------------------------------------

--
-- Table structure for table `bpls_r_fee_list`
--
-- Creation: Oct 09, 2018 at 08:42 PM
--

DROP TABLE IF EXISTS `bpls_r_fee_list`;
CREATE TABLE IF NOT EXISTS `bpls_r_fee_list` (
  `FL_ID` int(11) NOT NULL AUTO_INCREMENT,
  `FL_NAME` varchar(100) NOT NULL,
  `FL_AMOUNT` decimal(10,2) DEFAULT '0.00',
  PRIMARY KEY (`FL_ID`)
) ENGINE=InnoDB AUTO_INCREMENT=22 DEFAULT CHARSET=latin1 ROW_FORMAT=COMPACT;

--
-- RELATIONSHIPS FOR TABLE `bpls_r_fee_list`:
--

--
-- Dumping data for table `bpls_r_fee_list`
--

INSERT INTO `bpls_r_fee_list` (`FL_ID`, `FL_NAME`, `FL_AMOUNT`) VALUES
(1, 'Mayors Permit', '100.00'),
(2, 'City Tax', '10000.00'),
(3, 'Garbage Fee', '260.00'),
(4, 'Sanitary Fee', '450.00'),
(5, 'Building Insp_Fee', '50.00'),
(6, 'Electrical Insp Fee', '20.00'),
(7, 'Plumbing Insp Fee', '7.00'),
(8, 'Signbooard', '50.00'),
(9, 'Fire Insp Fee', '300.00'),
(10, 'New Registration Plate/ Sticker', '250.00'),
(11, 'Zoning Fee', '545.00'),
(12, 'Penalty Interest', '0.00'),
(13, 'Tourism', '1000.00'),
(14, 'QCBRD', '100.00'),
(15, 'Adjustment', '0.00'),
(16, 'Discount', '0.00'),
(17, 'Penalty for Delinquency', '0.00'),
(18, 'Adjustment for Tourism', '0.00'),
(19, 'Special Permit', '0.00'),
(20, 'Additional Fees', '0.00'),
(21, 'CTC', '1690.00');

-- --------------------------------------------------------

--
-- Table structure for table `bpls_r_ot_bn_req`
--
-- Creation: Oct 09, 2018 at 08:43 PM
--

DROP TABLE IF EXISTS `bpls_r_ot_bn_req`;
CREATE TABLE IF NOT EXISTS `bpls_r_ot_bn_req` (
  `OT_ID` int(11) DEFAULT NULL,
  `BN_ID` int(11) DEFAULT NULL,
  `RT_ID` int(11) NOT NULL,
  `REQ_GRP_ID` int(11) NOT NULL,
  PRIMARY KEY (`REQ_GRP_ID`),
  KEY `ot_bn_req_fk_ot` (`OT_ID`) USING BTREE,
  KEY `ot_bn_req_fk_bn` (`BN_ID`) USING BTREE,
  KEY `ot_bn_req_fk_rt` (`RT_ID`) USING BTREE
) ENGINE=InnoDB DEFAULT CHARSET=latin1 ROW_FORMAT=COMPACT;

--
-- RELATIONSHIPS FOR TABLE `bpls_r_ot_bn_req`:
--   `BN_ID`
--       `bpls_r_business_nature` -> `BN_ID`
--   `OT_ID`
--       `bpls_r_ownership_type` -> `OT_ID`
--   `RT_ID`
--       `bpls_r_req_type` -> `RT_ID`
--

-- --------------------------------------------------------

--
-- Table structure for table `bpls_r_ownership_type`
--
-- Creation: Oct 09, 2018 at 08:42 PM
--

DROP TABLE IF EXISTS `bpls_r_ownership_type`;
CREATE TABLE IF NOT EXISTS `bpls_r_ownership_type` (
  `OT_ID` int(11) NOT NULL AUTO_INCREMENT,
  `OT_CODE` varchar(10) DEFAULT NULL,
  `OT_NAME` varchar(50) NOT NULL,
  `OT_DESC` varchar(300) NOT NULL,
  PRIMARY KEY (`OT_ID`),
  UNIQUE KEY `OT_CODE` (`OT_CODE`) USING BTREE
) ENGINE=InnoDB AUTO_INCREMENT=3 DEFAULT CHARSET=latin1 ROW_FORMAT=COMPACT;

--
-- RELATIONSHIPS FOR TABLE `bpls_r_ownership_type`:
--

--
-- Dumping data for table `bpls_r_ownership_type`
--

INSERT INTO `bpls_r_ownership_type` (`OT_ID`, `OT_CODE`, `OT_NAME`, `OT_DESC`) VALUES
(1, 'OT-SIN', 'Single Propreitorship', 'Single Owner of the Business'),
(2, 'OT-PRT', 'Partnership/Corporation', 'Multiple Owner Business');

-- --------------------------------------------------------

--
-- Table structure for table `bpls_r_req_type`
--
-- Creation: Oct 09, 2018 at 08:42 PM
--

DROP TABLE IF EXISTS `bpls_r_req_type`;
CREATE TABLE IF NOT EXISTS `bpls_r_req_type` (
  `RT_ID` int(11) NOT NULL AUTO_INCREMENT,
  `RT_NAME` varchar(50) NOT NULL,
  `RT_DESC` varchar(300) NOT NULL,
  PRIMARY KEY (`RT_ID`)
) ENGINE=InnoDB AUTO_INCREMENT=24 DEFAULT CHARSET=latin1 ROW_FORMAT=COMPACT;

--
-- RELATIONSHIPS FOR TABLE `bpls_r_req_type`:
--

--
-- Dumping data for table `bpls_r_req_type`
--

INSERT INTO `bpls_r_req_type` (`RT_ID`, `RT_NAME`, `RT_DESC`) VALUES
(1, 'Brgy Clearance', 'Brgy Clearance'),
(2, 'DTI Registration', 'DTI Registration'),
(3, 'SEC Registration', 'SEC Registration'),
(4, 'Title to Property', 'Title to Property'),
(5, 'Tax Declaretion', 'Tax Declaretion'),
(6, 'Contract of Lease', 'Contract of Lease'),
(7, 'Lessors Business Permit', 'Lessors Business Permit'),
(8, 'Authorization Letter', 'Authorization Letter'),
(9, 'Locational Clearance', 'Locational Clearance'),
(10, 'Sanitary Health Cert', 'Sanitary Health Cert'),
(11, 'Building Permit', 'Building Permit'),
(12, 'Pollution Clearance', 'Pollution Clearance'),
(13, 'Mechanical Permit', 'Mechanical Permit'),
(14, 'Electrical Inspection', 'Electrical Inspection'),
(15, 'CTAO Clearance', 'CTAO Clearance'),
(16, 'FSIC', 'Fire Safety Inspection Certificate'),
(17, 'Previous Business Permit', ''),
(18, 'Tax Bill', 'Tax Bill'),
(19, 'Official Receipt', 'Official Receipt'),
(20, 'PCAB License', 'Philippine Contractors Accreditation Board'),
(21, 'Liqour License', 'Liqour License'),
(22, 'Miscellaneous Documents', 'Miscellaneous Documents'),
(23, 'Police Clearance', 'Police Clearance');

-- --------------------------------------------------------

--
-- Table structure for table `bpls_t_attachments`
--
-- Creation: Oct 09, 2018 at 08:43 PM
--

DROP TABLE IF EXISTS `bpls_t_attachments`;
CREATE TABLE IF NOT EXISTS `bpls_t_attachments` (
  `AT_ID` int(11) NOT NULL AUTO_INCREMENT,
  `AT_UNIFIED_FILE` longblob NOT NULL,
  `AT_UNIFIED_FILE_NAME` text NOT NULL,
  `AT_BRGY_CLEARANCE` enum('Pass','Fail') DEFAULT NULL,
  `AT_DTI_REGISTRATION` enum('Pass','Fail') DEFAULT NULL,
  `AT_SEC_REGISTRATION` enum('Pass','Fail') DEFAULT NULL,
  `AT_TITLE_TO_PROPERTY` enum('Pass','Fail') DEFAULT NULL,
  `AT_TAX_DECLARATION` enum('Pass','Fail') DEFAULT NULL,
  `AT_CONTRACT_OF_LEASE` enum('Pass','Fail') DEFAULT NULL,
  `AT_LESSORS_BP` enum('Pass','Fail') DEFAULT NULL,
  `AT_AUTHORIZATION` enum('Pass','Fail') DEFAULT NULL,
  `AT_LOCATIONAL_CLR` enum('Pass','Fail') DEFAULT NULL,
  `AT_SANITARY_HEALTH_CERT` enum('Pass','Fail') DEFAULT NULL,
  `AT_BUILDING_PERMIT` enum('Pass','Fail') DEFAULT NULL,
  `AT_POLLUTION_CLR` enum('Pass','Fail') DEFAULT NULL,
  `AT_MECHANICAL_PERMIT` enum('Pass','Fail') DEFAULT NULL,
  `AT_ELECTRICAL_INSP` enum('Pass','Fail') DEFAULT NULL,
  `AT_POLICE_CLEARANCE` enum('Pass','Fail') DEFAULT NULL,
  `AT_CTAO_CLEARANCE_CERT` enum('Pass','Fail') DEFAULT NULL,
  `AT_FSIC` enum('Pass','Fail') DEFAULT NULL,
  `AT_PREV_BP` enum('Pass','Fail') DEFAULT NULL,
  `AT_TAX_BILL` enum('Pass','Fail') DEFAULT NULL,
  `AT_OFFICIAL_RECEIPT` enum('Pass','Fail') DEFAULT NULL,
  `AT_PCAB_LICENSE` enum('Pass','Fail') DEFAULT NULL,
  `AT_LIQUOR_LIC` enum('Pass','Fail') DEFAULT NULL,
  `AT_MISC_DOCUMENTS` enum('Pass','Fail') DEFAULT NULL,
  `AP_Remarks` text,
  `AP_ID` int(11) DEFAULT NULL,
  `REQ_GRP_ID` int(11) DEFAULT NULL,
  PRIMARY KEY (`AT_ID`),
  KEY `attachments_fk_ap` (`AP_ID`) USING BTREE,
  KEY `attachments_fk_rt` (`REQ_GRP_ID`) USING BTREE
) ENGINE=InnoDB AUTO_INCREMENT=6 DEFAULT CHARSET=latin1 ROW_FORMAT=COMPACT;

--
-- RELATIONSHIPS FOR TABLE `bpls_t_attachments`:
--   `AP_ID`
--       `bpls_t_bp_application` -> `AP_ID`
--   `REQ_GRP_ID`
--       `bpls_r_req_type` -> `RT_ID`
--

--
-- Dumping data for table `bpls_t_attachments`
--

INSERT INTO `bpls_t_attachments` (`AT_ID`, `AT_UNIFIED_FILE`, `AT_UNIFIED_FILE_NAME`, `AT_BRGY_CLEARANCE`, `AT_DTI_REGISTRATION`, `AT_SEC_REGISTRATION`, `AT_TITLE_TO_PROPERTY`, `AT_TAX_DECLARATION`, `AT_CONTRACT_OF_LEASE`, `AT_LESSORS_BP`, `AT_AUTHORIZATION`, `AT_LOCATIONAL_CLR`, `AT_SANITARY_HEALTH_CERT`, `AT_BUILDING_PERMIT`, `AT_POLLUTION_CLR`, `AT_MECHANICAL_PERMIT`, `AT_ELECTRICAL_INSP`, `AT_POLICE_CLEARANCE`, `AT_CTAO_CLEARANCE_CERT`, `AT_FSIC`, `AT_PREV_BP`, `AT_TAX_BILL`, `AT_OFFICIAL_RECEIPT`, `AT_PCAB_LICENSE`, `AT_LIQUOR_LIC`, `AT_MISC_DOCUMENTS`, `AP_Remarks`, `AP_ID`, `REQ_GRP_ID`) VALUES
(1, 0x504b0304140006000800000021004abc02716d01000028060000130008025b436f6e74656e745f54797065735d2e786d6c20a2040228a000020000000000000000000000000000000000000000000000000000000000000000000000000000000000000000000000000000000000000000000000000000000000000000000000000000000000000000000000000000000000000000000000000000000000000000000000000000000000000000000000000000000000000000000000000000000000000000000000000000000000000000000000000000000000000000000000000000000000000000000000000000000000000000000000000000000000000000000000000000000000000000000000000000000000000000000000000000000000000000000000000000000000000000000000000000000000000000000000000000000000000000000000000000000000000000000000000000000000000000000000000000000000000000000000000000000000000000000000000000000000000000000000000000000000000000000000000000000000000000000000000000000000000000000000000000000000000000000000000000000000000000000000000000000000000000000000000000000000000000000000000000000000000000000000000000000000000000000000000000000000000000000000000000000000000000000000000000000000000000000000000000000000000000000000000000000000000000000000000000000000000000b494cb6ac3301045f785fe83d1b6d84aba28a5c4c9a28f651b68fa018a344e4465494893d7df771c3ba694242e4dbd31d833f7de336398d1645b9a640d216a677336cc062c012b9dd27691b38fd94b7acf9288c22a619c859ced20b2c9f8fa6a34db798809a96dccd912d13f701ee5124a1133e7c152a570a11448af61c1bd909f6201fc7630b8e3d259048b29561e6c3c7a8242ac0c26cf5bfa5c93043091258f7563959533e1bdd15220d5f9daaa1f296993909172df1397dac71b6a60fc684255391dd0e8de6835412b48a622e0ab28a98b6f5c505c39b92a49999db739c2e98a424b68f5959b0f4e428cb4f3d2646da514da1ef84f7244dc1988ff4f51fb76c7032209fa00689c3b1136307fef8de29b792748e11c5a877dfc8dd6ba1302acea89e1e0fc8b3d50a2981be8630f8d752704d22582fa39bc98636f732e923aa7c1f948972dfc61ecc3e9aad4290dec21a03ebfe93691ac2f9e0faaaba8401dc9e6fb3b3ffe020000ffff0300504b0304140006000800000021001e911ab7ef0000004e0200000b0008025f72656c732f2e72656c7320a2040228a000020000000000000000000000000000000000000000000000000000000000000000000000000000000000000000000000000000000000000000000000000000000000000000000000000000000000000000000000000000000000000000000000000000000000000000000000000000000000000000000000000000000000000000000000000000000000000000000000000000000000000000000000000000000000000000000000000000000000000000000000000000000000000000000000000000000000000000000000000000000000000000000000000000000000000000000000000000000000000000000000000000000000000000000000000000000000000000000000000000000000000000000000000000000000000000000000000000000000000000000000000000000000000000000000000000000000000000000000000000000000000000000000000000000000000000000000000000000000000000000000000000000000000000000000000000000000000000000000000000000000000000000000000000000000000000000000000000000000000000000000000000000000000000000000000000000000000000000000000000000000000000000000000000000000000000000000000000000000000000000000000000000000000000000000000000000000000000000000000000000000000000ac92c16ac3300c40ef83fd83d1bd51dac118a34e2f63d0db18d907085b494c13dbd86ad7fefd3cd8d8025de96147cbd2d393d07a739c4675e0945df01a96550d8abd09d6f95ec35bfbbc78009585bca53178d670e20c9be6f666fdca234929ca838b59158acf1a0691f88898cdc013e52a44f6e5a70b692229cfd46324b3a39e7155d7f7987e33a09931d5d66a485b7b07aa3d45be861dbace197e0a663fb197332d908fc2deb25dc454ea93b8328d6a29f52c1a6c302f259c9162ac0a1af0bcd1ea7aa3bfa7c589852c09a109892ffb7c665c125afee78ae6193f36ef2159b45fe16f1b9c5d41f3010000ffff0300504b0304140006000800000021001117a0d90d010000390400001c000801776f72642f5f72656c732f646f63756d656e742e786d6c2e72656c7320a2040128a0000100000000000000000000000000000000000000000000000000000000000000000000000000000000000000000000000000000000000000000000000000000000000000000000000000000000000000000000000000000000000000000000000000000000000000000000000000000000000000000000000000000000000000000000000000000000000000000000000000000000000000000000000000000000000000000000000000000000000000000000000000000000000000000000000000000000000000000000000000000000000000000000000000000000000000000000000000000000000000000000000000000000000000000000000000000000ac93cd4ec3301084ef48bc83b577e2a44041a84e2fa852af101ec04d363f225947f616c8db6315a5a450453df8b863edcce7b1bc5a7f75adf840eb1a430a92280681949ba2a14ac15bb6b97904e15853a15b43a8604007ebf4fa6af582ad66bfe4eaa677c2bb90535033f74f52babcc64ebbc8f448fea434b6d3ec475bc95ee7efba42b988e3a5b4530f484f3cc5b65060b7c52d886ce8f1126f53964d8ecf26df77487c26427ee2ee1599fde59cb7d5b64256301123ef08f23cc8434810f6bbf88b70187fc4648e611192c1fd6b6254e61092a0083cb4380538cc73f1cb90f1a521cef4ae9dbcc4519a83b80f09815490e1690ba332877017b607c37f188ed208214f3e7cfa0d0000ffff0300504b030414000600080000002100081fe59ac50800001dae000011000000776f72642f646f63756d656e742e786d6cec5d6b6fdb3617fefe02fb0f8c8ab76dd0a492bcb42bdc3985d3a88987c4316c6745b115032dd196108914283a8ed7edbf8f94ec5c9d588e654666980fb1753be4b9f09c878787d6af9f2ea2109c239a0404d70cfbad6500845de2057850334ebb5fb63f182061107b302418d58c314a8c4fbb3ffdefd751d523ee304298014e0227d551ecd60c9fb1b86a9a89eba308266fa3c0a524217df6d6259149fafdc045e68850cfac58b6957e8b29715192f0f63e437c0e136342cebdc847cda370c41f1604774cd78794a18b298de86e8f488c30bfd82734828c1fd28119417a368cb739cd18b2a01784011b7372d6fb291952338614572724b62fbb211ea966dd987c4c9fa079dacd1ed99f48316dd1a428e47d2038f183f85214d163a9f18bfe94c8f9434c9c47e1f4be516cef2ca7c7fd4c235704f3747fa2c628cc7afe3045dbcaa11141e2f2893c5db8d9e6b427110cf055c38f12cd35e1daef162350b943e07d821623f16e42c24cc6d1d5d018c583e5b47c40c930bea2162c47ad81cf2e690937b300ad89b55cb7e064b9ce747c18f3a11cb9d5c600130a7b21ef11d73de0ea03a906801825c62e77823de28dc5670c4655ee44bd76cdb02ca76ed577b8fb989c6ad11927f7511f0e4376f74aebdaa994728b8a0f9a7df44cf13ff99bdf7c0ec39a51b10d7ec69c5c37af6e9fd9786e42a32adbfd0c39a31d36f4c6e0852daeb0ec7ad68c4ca60b60f721465f04d80d871e022f43f6f106a39c3e25a4ef50419f8d636e07498cc2b0c3789c1164966cd92538206ffd5c6d3ad82ba0c597835b2c6a5d16a4cb84795a9745ea52b8f36a1243974b2da62841f41c19bb2f3cd40f30023190aadd980698f51751ee735246225719890bb1d6c52d5d88b9cfc26ab873c380c2a82835419c48f4867fcc6b4bb0564c53b6657d2fbbe75ded08e4ce509e6a67db7bb96cfd1c9ea96aebdad4b5a9df1208bfb205e5d9e01626e8628b45b1c421b676465fa48a45d2ebb53cfd6e3e6759ff00a63c499ba0d53e396e753ba07be880d38ed306dd13d068b64ebbe0f0e42b38ae37bff1c3ae73c0affc5e3f3a753ae06be3e808ec39c0e1a7dbce7ec97555bcf74d84a2ab377df033b3d158a23330fe9cd756a1e11d1f9251ae065719df2388c780c755344014f027872801a3200c410f01c44f53e45581b1a974e62e796dfcdfcb63664569ded87a09a378e124e10a4d3f4356f2ac7157698b82bd5440b930b5626329e8cf75d845cf91a41aee6c958a7c78cdb6369556ed8f9233a771c82371c837327cea01045c8831611c89c44306988f3830b9c8f0c806a8530ac7e20e407038063e093d605b008548149c241b8fc2274f9813caa99701616441bd2ca58274b6a134d0fb5761e652cca1a4d64c334b00a489832c33a0b291f60905af616ddec82f32b8591f25a654a597476410713e8b05ce6edebc297b627129f634125414093a22e3236f9cdc03446006fc74de49fdbc93e4c56bf85d6d8bd20077d53c2825d31026ac8db027b2fc2d38407b14c1b37498a5a85be0ed9376e3a0d1ac1f81a346a75b72ebd261ff9161bf0c09a0c962539afb91ca7d9f8444ecf1797209a4a027a92a0e7af8f456cf6ef5ecb6c4161a7358feb3645c9e03071767a3aac3e07bfc2bff53d96c4db373d2ee369a072a33e9dd5c11790e76fb63edeabf8a05a7045ddc10c06a635bcdd2e86bbdd1570688b6ed8f50719c22bbd4467aaeeece2e53d5387c637fd7eb44ca462eb9bb46e63af5f5f605cf7b27987471ab6d4ddcef6a7b922af079ad158938edc5ad77859054ef1d9467d6b2e78ab65e4cd6cc9590b9911f84082c3c3b5ca957963c363772253956b89c676d7e5439ddac72b9b1c8a33bfbbae241e18a870ea10ccd5de35b7da563b6b385600603ac97fed73ff92cd58af5d27fd116aa97fe352c292d2cc97641359a07a0de3ce91e3a6dd03c3dde73da2a0fc8744fa25d2d398b32dcfc3c1f51a893571a862cbe2ab53a3ef275b9d45e6d85e1f1a1fa749567270db10b5ede80bf771b161e463d440123e2d780f80405894993de96553c06d4dbb274267d4d99bb169b0a23a498fa39749f22765da2bbdedce912dd59784597e816387e7489ae3abad425baebcea12ed1553972e9125d5da2ab4b744bea77b53d4915f8bcd67489ae2ed15d9e7b5da27b4bdc4bb1a74b74d795395da22bb3445754e32a6c4d4a17e31e9e7c15352fe2c7c89ace57d0763aa747ba2e57d2b891bdf2ddf5913c0f74cfba374623100609d375b9ea649ca55ab1aecb2dda42755dae4628a54528bf3bedc697c6e77ab771d2547910a6b5b895b5abc5d5d02b5773787fd197cd2cd1da3dc86b4c8660043113158759b9218098307ffa6a42f0fa9bd9dcfcf40cea0fe7bebe5eedfa4388e70aa0c8e4b7a578fda1ec3204c9ea933956acf92b17c50d83daabf1ab7ffe515775b3c3001f8eb5daab6faff4db144b85a30a34b387f6753ce2ad77855b60f62a3cbd74b4b6cca130414047bd758d7af8d946bda68e7ae58a7a6b9b3de8fa109f8919f5063884e748ece60b5c043c38de507cfeac72649bed3bd27077ed4f7b90127910a9251c310d30ebcf733305c210a57761f32bc1d3ff4854fa4ef43fb151fe1f945bad42ca3333ace8f8b9a6ccddd8adfcb4ae7a8098ebcbb367999e3a0fbeb4ecf7f6ce8759d6f2c5a9fcf2a55e8cb5e4b1de471aaab0a435e8400e553e4ce85e5fd8a22886e2958dbd7175f1c8b43af790d348f7e09005dc9d6f810ea4d007cdc025e1edeab31e216711a467e9a0e7b4028ff74ef414c3880be3af03b207ddb36cc84cefe563e8f2ceaccdb239d09c123ae0024294a2bfb7c06fc4c7e033a4e1e29bfb9f106de4e4f308f6e018e15baa9fe78b7312df026d3efdc65c8263f7a675a921bc63182f5ab2995b721d1f210cc1312c91e0f2f67eafd3e8027bdb9ed9f304b9ac75e997ef76b2c3afdfeee7a0235a1bd50cbb52d9497d90cfbfbffbb0937a1971c3314c454e627e7e27bb8506039f5d1df6086324ba3a0e51ffda551f410f714ff48b95c6e53e21ecdae160c8d2c34973dc5926fc2c1e727215717d121fc4dde90d1e710f68205c611860d40a38daa9193fbf9ffac44c04e9d71ef1c6e917fec8304298edfe070000ffff0300504b030414000600080000002100e6837bb7020200002407000012000000776f72642f666f6f746e6f7465732e786d6ccc94cd6ee32010c7ef2bf51d2cee09384ab32b2b4e1535cdaab7aadd7d008a718c6a1804384ede7ec15fc96eaa28692e7b3106667ef31f0666feb09365b4e5c60a50298ac704455c31c884daa4e8f7aff5e8078aaca32aa325289ea23db7e86171f76d5e27398053e0b88d3c43d9a4d62c4585733ac1d8b2824b6ac7523003167237662031e4b9601cd760323c213169feb401c6adf5011fa9da528b3a1cdb5d46cb0cadbd73004e312ba8717cd733e4a922d05cf9cd1c8ca4ce4fcd064b6a3e2a3df24c4d9d7817a5707b8f23b31e0329aa8c4a3ac46890115c92564637f41ee692b8adcb0a5825b9724d446c78e93580b285d0c351c8afd2fc66d143b6e792d8cab2b7ab753cbdad8eabb62207e025f2bb32cab2557e9e18930b2a121083c72512fe8ed92b9154a843e02f1dcdd1e1c6f7d70126278099e5d721ee3b04b67b79781ab5dedc56e59f062a7da089db68cfea6360853e7305abbb2dc737d8de26e6ada0da3f65c992e78d0243df4bafc8d73ef2e58b9a0a44e195a0c551178ceac4edb5b7b35c53431d18e4974496a251dc186a3ff56d367b4d1121eba7c9f7f53258344b2b9ed3aa74a73b2f61e9694996d3590b793161b09a32afd31bd1dc71df6c4870284538b9c97498bc564138ad1c20bc98e3c1bd65f43adb2dd31a34df3ea74ff363a09c5055d3a5defecd95fc97a97e2af95cda4713bbf8030000ffff0300504b0304140006000800000021005f9456a4020200001e07000011000000776f72642f656e646e6f7465732e786d6ccc944b6edb301086f7057a07817b9b94e1b885603930eab8c82e48da0330146511111f2029cbbe7d877aa67560d8f1a61b512467bef98743cef2fe20cb68cfad135aa5289e121471c57426d42e45bf7f6d27df51e43c55192db5e2293a7287ee575fbf2ceb84ab4c69cf5d0408e592dab01415de9b0463c70a2ea99b4ac1ac763af753a625d6792e18c7b5b6199e9198347fc66ac69d83783fa8da53873a1c3b5c46cb2cadc13900e79815d47a7ee819f25491365cc166aeada41ea6768725b56f959900d3502f5e4529fc117064d163748a2aab920e3119640497a495d10dbd87bd246eebb2d1ac925cf92622b6bc040d5ab94298e128e46769b059f490fdb924f6b2eced6a13cf6fabe3a6adc808bc447e574659b6cacf13637241450262f0b844c2df317b25920a3506fed4d1bc3bdcf8ee3ac0ec04b070fc3ac45d87c0ee28c7a7519bdd6d55fe697565469ab88df6a8de0656683357b0badbf2fe06bbdbc4bc14d4c053962c79dc296de96b098aa0f611942f6a2a108557825663138ceac41f0d98396ea8a55e5b044b224bd1246eec0c4ca1c966cf292264fb30fbb65d078b6669c3735a95fe74e7292c3dacc97abe68214f360cce500632c188e69e43af21c1a114e1e066f361f25c05ddb4f21ae1d5120fee2da3d7d96ed9d6a0f976297d941dd3ca0b55352deae5df4cc97f99e88792cf243dfebbd51f000000ffff0300504b03041400060008000000210007b740aa240600008f1a000015000000776f72642f7468656d652f7468656d65312e786d6cec594d8b1b3718be17fa1f86b93b1edb33fe58e20de3b19db4d94d42769392a33c23cf28d68c8c24efae0981929c7a2914d2d24303bdf5504a030d34f4d21fb390d0a63fa292c6638f6cb94bba0e84d235acf5f1bcaf1ebdaff448e3b97aed2cc5d609a40c91ac6bd7ae38b605b39044288bbbf6bde361a56d5b8c832c029864b06bcf21b3afed7ffcd155b0c71398424bd8676c0f74ed84f3e95eb5ca42d10cd815328599e81b139a022eaa34ae46149c0abf29aed61da7594d01ca6c2b03a9707b7b3c4621b48ea54b7bbf703ec0e25fc6996c08313d92aea166a1b0d1a426bfd89c05985a2700776d314e444e8fe119b72d0c18171d5ddb517f7675ff6a756984f916db92dd50fd2dec1606d1a4aeec683c5a1abaaee736fda57f05c07c1337680d9a83e6d29f0280301433cdb994b15eafd3eb7b0b6c0994170dbefbad7ea3a6e14bfe1b1b78df931f0daf4079d1ddc00f87c12a8625505ef40c3169d50357c32b505e6c6ee05b8edf775b1a5e81128cb2c906daf19a8da098ed123226f88611def1dc61abbe80af50d5d2eacaed33be6dada5e021a1430150c9051c65169f4fe118840217008c46145907284ec4c29b828c30d1ecd49da1d310ffe5c755251511b00741c93a6f0ad94693e463b190a229efda9f0aaf7609f2fad5abf3272fcf9ffc7afef4e9f9939f17636fdadd00595cb67bfbc3577f3dffdcfaf397efdf3efbda8c6765fc9b9fbe78f3dbefffe49e6bb4be79f1e6e58bd7df7ef9c78fcf0c709f8251197e8c52c8ac5bf0d4ba4b523141c3007044dfcde23801a86ce167310319903606f480271afad61c6060c0f5a01ec7fb54c88509787df650237c94d0194706e0cd24d5808784e01ea1c639dd946395a330cb62f3e07456c6dd05e0c43476b096e5c16c2ad63d32b90c12a8d1bc8345ca410c33c82dd94726101acc1e20a4c5f51085943032e6d60364f5003286e4188db4d5b432ba81529197b989a0c8b7169bc3fb568f6093fb3e3cd191626f006c7209b116c6eb60c6416a640c525c461e009e98481ecd69a8059c7191e91862620d22c898c9e6369d6b746f0a9931a7fd10cf531d49399a989007809032b24f264102d2a99133ca9232f61336114b14587708379220fa0e91759107906d4df77d04b5745fbcb7ef0919322f10d933a3a62d0189be1fe7780ca0725e5dd3f51465178afc9abc7bef4fde8588befeeeb959737720e966e065c4dca7c8b89bd6257c1b6e5db8034223f4e1eb761fccb23b506c1503f47fd9fe5fb6fff3b2bd6d3fef5eac57faac2ef2c5755db949b7deddc708e3233ec7f080296567627ad15034aa8a325a3e2a4c13515c0ca7e1620a54d9a2847f8678729480a918a6a64688d9c275ccac2961e26c50cd46dfb203cfd24312e5adb55af1742a0c005fb58bb3a568172711cf5b9badd563d8d2bdaac5ea71b920206ddf854469309d44c340a255345e4042cd6c272c3a06166de97e2b0bf5b5c88ad87f16903f6c786ece48ac37806124f394db17d9dd79a6b705539f76dd30bd8ee4ba9b4c6b244acb4d27515a860988e07af38e73dd59a554a32743b149a3d57e1fb99622b2a60d38d36bd6a9d8730d4fb809c1b46b8fc5ad5014d3a9f0c7a46e021c675d3be48b40ff1b659952c6fb8025394c75e5f34f1187d4c228156bbd9c069cadb8d5ea2d39c70f945cc7f9f022a7beca4986e3310cf996965555f4e54e8cbd9704cb0a9909d24749746a8df08cde0522505eab26031821c697d18c102d2dee5514d7e46ab115b55fcd565b14e0690216274a59cc73b82a2fe994e6a198aecf4aaf2f26338a65922e7dea5e6c243b4aa2b9e50091a7a6593fdedf215f62b5d27d8d552eddeb5ad729b46edb2971f903a1446d3598464d3236505bb5ead4767821280db75c9adbce885d9f06ebab561e10c5bd52d5365e4f90d143b1f2fbe2ba3ac39c29aaf04c3c2304c50fcbb912a8d6425dceb835a3a86b3f723cdf0dea5e5071dadea0e2365ca7d2f6fc46c5f7bc466de0d59c7eaffe5804852769cdcbc71e8ae7193c5fbc7d51ed1b6f60d2e29a7d25246995a87b705519ab3730b5faf6373016129179d4ac0f3b8d4eaf59e934fc61c5edf7da954ed0ec55facda0d51ff603afdd193eb6ad130576fd46e03607ed4ab3160415b7e948faed4ea5e5d6ebbedbf2db03d77fbc88b59879f15d8457f1daff1b0000ffff0300504b030414000600080000002100b8aa8c3618040000010b000011000000776f72642f73657474696e67732e786d6cb456db6edb38107d5f60ffc1d0f32a9614d949843a85edc4db1471bba8d20fa0a4914d841781a4ec388bfdf71d52626c276991b6e893a939336786c3b9f8ddfb07ce061b509a4a3109e293281880286545c56a127cbd5b84e7c1401b222ac2a48049b0031dbcbffcf38f77db4c8331a8a607482174c6cb49b036a6c986435dae81137d221b1008d6527162f053ad869ca8fbb6094bc91b6268411935bb611245e3a0a79193a05522eb29424e4b25b5ac8d35c9645dd312fa1f6fa1dee2b733b99265cb4118e771a880610c52e8356db467e33fcb86e0da936cbe77890d675e6f1b476fb8ee56aaeac9e22de1598346c912b4c607e2cc0748c5de71fa82e8c9f709faeeafe8a8d03c8edce930f2d18f11242f08c61a7e8c62d4530cf58ec38327d2ec2d29e9a05b5a28a2ba82ebf3c1cbec6625a42205c370302f03bcdac045175c62953f4ac907dbac0155e2534f8271140cad1cf32bebdc100388ea0618732d533220c8bacd568a702c762f713615d4a465e68e14b9910d2a6d08067f96f494e59a28521a5079434a649b4b6194645eaf929fa49963e3287cd7cea296d20869e01f75f88506b49a04617cacd48b9db3e1735b10d58b8f673cc7524f7364d8b5b53db51a16d7b764275bd3ddcd217937329042108ee93e1a034b5981cd5cabe8dbebc21ab8ecc4a33e89af3a9238e214ade0ce3e736e760c1698dc9c3ec254541f5b6d2832ba61f00b117c2f0010d6f3672cccbb5d030b20a6c567fc4dce5ca52c186d965429a96e4485a5fbdb9cd1ba06850e28f6c212cb9b2ab97579fe00a4c2cdf28b7e878765857baad2fef0052bd8ab46d1f5349aa6e32e528bee918b71349bf7e5718cccafcee278fa1af26db6c57572b67036c3a7787866a7bfed81ee648b6bc03b8b39e185a264b0b4fb6168350a753fa3c2e305e09c8243246f0b0f866107684e185be074f0806b3f9e5554375750bb335b12b5daf3f61aea55294ea28f4f5c76b081fa5bc9b6e9d0ad224d57345e254ed3de920a734bb997ebb6c8bd95c0c97a00b5a2fabc512e4ffbf46c33838fef9aef96b82272ba20c2afb97d7620da4c352593e0711dce3ff575c7546e6b0696a469bad22b56f1246074b536b13533f855e13f0bf751ac921e4b1c967498fb20a5bd2c6af787bd2cf1b203bd532f3bddcb522f4bf7b291978df6b2b1978dad6c8d4daf7043dc6317f8a395d79231b985eac31e7f21ea92a0d7a481ab6e8160c5c94ed06f143dd864f080db092a6af00f5b432b4e1ef0d9a2c4d570afcddc3c3ed2b598556e8e192a6288efbf236357f5cf62b18bada458a1f98e17fb7d75d205cea8c699d1e06a335279ec2f87c56956c9f2069b0b4f4e9e46d7a3ab453aebe0915b89e60eebfe1edffd0bd433a2a1ea316f3aea4cff3d9f4ee38b799c868bd33809d3ebf379383b9dc7e169329f8e938b743c9acefeebfbd6ff77bdfc1f0000ffff0300504b0304140006000800000021009376d649180100004002000014000000776f72642f77656253657474696e67732e786d6c94d1c14a03311006e0bbe03b84dcdb6c8b2db2745b10a97811417d80349d6d83994cc8a46eebd33bae55112fed2d93643ee667668b3d06f506993dc5468f869556101dad7ddc34fae57939b8d68a8b8d6b1b2842a30fc07a31bfbc98757507ab2728457eb21225728daed1db52526d0cbb2da0e5212588f2d852465ba4cc1b8336bfeed2c011265bfcca075f0e665c55537d64f2290ab5ad77704b6e87104bdf6f32041129f2d627fed6ba53b48ef23a6572c02c79307c79687dfc614657ff20f42e13535b8612e638514f49fba8ea4f187e81c979c0f81f3065388f981c09c30784bd56e8eafb4da46c57412489a4642ad5c37a2e2ba5543cfa775852bec9d43164f3796d43a0eef1e14e0af367eff30f000000ffff0300504b03041400060008000000210035165abf79010000ff02000011000801646f6350726f70732f636f72652e786d6c20a2040128a00001000000000000000000000000000000000000000000000000000000000000000000000000000000000000000000000000000000000000000000000000000000000000000000000000000000000000000000000000000000000000000000000000000000000000000000000000000000000000000000000000000000000000000000000000000000000000000000000000000000000000000000000000000000000000000000000000000000000000000000000000000000000000000000000000000000000000000000000000000000000000000000000000000000000000000000000000000000000000000000000000000000000000000000000000000000008c92514fc23010c7df4dfc0e4bdf473b1034cb1889184c8c24266234bed5f680cad6366d61e0a7b7dbd8701113dfee7abffbdff5df26937d9e053b3056283946518fa00024535cc8d518bd2c66e10d0aaca392d34c4918a3035834492f2f12a663a60c3c19a5c1380136f04ad2c64c8fd1da391d636cd91a726a7b9e90beb85426a7cea7668535651bba02dc2764847370945347712918ea56111d25396b25f5d6649500671832c8413a8ba35e844fac0393dbb30d55e507990b77d070166d8a2dbdb7a2058ba2e815830af5fb47f86dfef85c5d3514b2f48a014a13ce62275c0669824fa18fecf6e31398ab8fdbc4c7cc0075caa40f6a2d832935990aeeb7de0663e0ab821ba0b47e038742196ebd4c27f31807cb8cd0ce3f683da473e0e98c5a37f72fbc14c06f0f7fccfbcd95ad0676a2fc296954116d9a1c6daf77041e78bbe2dadca6f23a98de2d6628ed936818462424a305b98eaf063121efe59a9dfe93607e5ce0df8a43d2556c046aa7ba5f36fd060000ffff0300504b030414000600080000002100744344d5e50b0000f27400000f000000776f72642f7374796c65732e786d6cec9dcb72e3ba1186f7a9ca3bb0b44a161e59beceb88ee794edb16357e6e233f264d6100959884942e1656c9fa70f009212a4262836d8f12a2b5b22fb2388bf7f10cd8bf8dbef2f491cfce2592e647a3e9abcdb1f053c0d6524d2c7f3d18f879bbdf7a3202f581ab158a6fc7cf4caf3d1ef1ffffa97df9ecff2e235e679a000697e9684e7a345512ccfc6e33c5cf084e5efe492a76ae15c66092bd4c7ec719cb0eca95cee853259b242cc442c8ad7f1c1fefec9a8c6647d28723e1721ff24c332e16961e2c7198f1551a6f9422cf386f6dc87f62cb36899c990e7b9dae924ae780913e90a333902a0448499cce5bc78a776a66e9141a9f0c9bef92f89d780631ce000004e728e431cd78871fe9af09751908467778fa9ccd82c5624b54b816a5560c0a38f4acd48869ff89c957191eb8fd97d567fac3f993f37322df2e0f98ce5a1100faa150a950845bdbd487331524b38cb8b8b5c307be175fd9d5ebed02bb6468679617d7d2922311aeb8de67faa85bf587c3e3a3868beb9d28dd8f82e66e963f31d4ff77e4cedc69c8ffe5cec5d7dd55fcd14f77cc4b2bde9850e1cd7fb56fdb5f678b9fdc96c78c94261b6c3e60557b93a39d9d7d058686b1c1c7f683e7c2f7527b3b290f5460ca0fabbc28e41a7ab1456093dad7ca596f2f967193ef1685aa805e723b32df5e58fbbfb4cc84c79e77cf4c16c537d39e589b81551c4536bc5742122fe73c1d31f398fd6dfff7163f2bffe229465aafe3f3c9d984488f3e8fa25e44bed26b534655a93af3a20d66b9762bd7113fe9f0636a995688b5f70a6879460b28d30cd47210e74446eed6d3bb3dcda77b3166a43876fb5a1a3b7dad0f15b6de8e4ad3674fa561b7aff561b3298ffe586441af197ca88703380ba8be370239ae3301b9ae3f0129ae3b00a9ae370029ae3487434c791c7688e234d119c4286ae2cb492fdd091eddddcddc7083feeee43821f77f711c08fbb7bc0f7e3ee1edffdb8bb87733feeeed1db8fbb7bb0c673aba95670a76c9616835d3697b24865c18382bf0ca7b154b14c9d45c3d3073d9e91ec2401a61ad9ea03f1605ac8cce7dd19624cea7f3c2f744517c87930178f65a6caf3a10de7e92f1eab42396051a47884c08c1765e6e8119f9ccef89c673c0d396562d341752518a4653223c8cd257b2463f13422eebe86483228ac125ad5cf0b6d124190d4090b3339bc6992918d0f9f453ebcaf3424b82ce39813b1bed2a498610daf0d0c6678696030c32b0383195e18589a5175514d23eaa99a46d461358da8dfaafca4eab79a46d46f358da8df6adaf07e7b10456c86787bd631e97feeee2a96faccf8e0764cc563cad40460f8e1a63e671adcb38c3d666cb908f489e976acbdcfd8ed5ccae83578a038a6ad4854f37a9322576aaf455a0eefd00d1a95b9563c227bad7844065bf1865bec8b9a26eb09da2d4d3d332d6745ab690da99769a72c2eab09ed70b7b1627886ad0d7023b29ccc06ed58820cfeaaa7b35a4e8a916fddcae10d5bb386db6a7b54226d5e8d2468652cc3279a61f8f675c93355963d0d26ddc83896cf3ca2234e8b4c56b9665bfec048d2cbf2d7c972c172616aa50d44ff437d734d3df8c2968377e83e6622a5d1ed7a2f61220ee86610b70f5f3e070f72a9cb4cdd3134c04b5914322163d66702fff693cffe4ed3c00b5504a7af447b7b41747ac8c0ae04c141a622c98888a4a699221524c750c3fb277f9d49964534b4fb8c57b7b1149c883865c9b29a7410784b8d8bcf6afc21980d19debf5826f479212a533d90c0acd3867939fb370f870f755f65407266e85b5998f38f66aa6ba2e970c3a7091bb8e15304a3a63a3ce8fc25d8d90ddcf09dddc051edec55ccf25c382fa17af3a876b7e151efeff0e2afe6c95866f332a6ebc00648d6830d90ac0b655c26694eb9c78647b8c38647bdbf8429637804a7e40cef1f9988c8c430302a250c8c4a0603a3d2c0c04805187e878e051b7e9b8e051b7eaf4e05239a025830aa3c233dfc135de5b160547966605479666054796660547976f829e0f3b99a04d31d622c2455ce5948ba034d5af064293396bd1221af63fec8084e9056b4fb4ccef5f30d32ad6ee22640ea73d431e164bbc25189fc93cfc89aa65994ed223823cae2584aa2736beb038e89dcbc776d57987992637013ee6316f2858c239e39f6c91dabeae569f558c676f34d337a9df6fc2c1e1745305daccef6db9893fd9d914dc1be11b67b836d7d7ed23ccfd216f68547a24c9a86c287294e0efb079b8cde083eda1dbc9e496c441ef78c84db3cd91db99e256f449ef68c84db7cdf33d2f87423b2cb0f9f58f6d49a08a75df9b3aaf11cc977da9545abe0d6cd7625d22ab22d054fbbb268c32ac14518eaab05509d7e9e71c7f7338f3b1ee3223705632737a5b7afdc882e837de7bf843eb263064db3bdd5dd1360dc3793e85e23e71fa5accedb6f5c70eaff50d79d9a38a5390f5a3987fd2f5c6d8c32ee7eec3ddcb811bdc71d37a2f700e446f41a899ce1a821c94de93d36b911bd072937023d5ac123026eb482f1b8d10ac6fb8c5690e2335a0d9805b811bda7036e04daa8108136ea8099821b81322a08f7322aa4a08d0a1168a34204daa8700286332a8cc71915c6fb1815527c8c0a2968a34204daa81081362a44a08d0a1168a37aceed9de15e468514b45121026d5488401bd5cc17071815c6e38c0ae37d8c0a293e468514b45121026d5488401b1522d0468508b4512102655410ee655448411b1522d0468508b451ab470dfd8d0ae3714685f13e4685141fa3420adaa81081362a44a08d0a1168a34204daa81081322a08f7322aa4a08d0a1168a34204daa8e662e100a3c2789c5161bc8f5121c5c7a89082362a44a08d0a1168a34204daa81081362a44a08c0ac2bd8c0a2968a34204daa810d1959ff5254ad76df613fc594fe71dfbfd2f5dd58dfa6e3fca6da30efba39a56b959fd9f45b894f229687df0f0d0d41bfd2062160b694e513b2eabdb5c734b04eac2e7b7abee277c6cfac01f5daa9f8530d74c01fca86f2438a772d495f2762428f28eba32dd8e04b3cea3aed1d78e0487c1a3ae41d7f8b2b929451d8e4070d73063054f1ce15da3b5150ebbb86b8cb602610f778dcc5620ece0aef1d80a3c0ef4e0bc1d7ddcb39f4e56f7970242573a5a845337a12b2da156cd700c8dd1573437a1af7a6e425f19dd04949e4e0c5e58370aadb01be52735b419566a7fa3ba0958a921c14b6a80f1971aa2bca586283fa9e1c088951a12b052fb0fce6e8297d400e32f3544794b0d517e52c34319566a48c04a0d0958a9071e909d187fa921ca5b6a88f2931a4eeeb0524302566a48c04a0d095e52038cbfd410e52d3544f9490daa64b4d49080951a12b052438297d400e32f3544794b0d515d529bb3281b52a314b6c27193302b107740b6027183b315e8512d59d19ed59245f0ac96a0568de6b86ac916cd4de8ab9e9bd057463701a5a7138317d68d422bec46f9498dab96daa4f637aa9b80951a572d39a5c6554b9d52e3aaa54ea971d5925b6a5cb5d42635ae5a6a93da7f707613bca4c6554b9d52e3aaa54ea971d5925b6a5cb5d42635ae5a6a931a572db5493df080ecc4f84b8dab963aa5c6554b6ea971d5529bd4b86aa94d6a5cb5d42635ae5a724a8dab963aa5c6554b9d52e3aa25b7d4b86aa94d6a5cb5d42635ae5a6a931a572d39a5c6554b9d52e3aaa54ea91dd5d2f879e3054c9a6d5e71a6562e5e975cff06b7f5c04c54fd06697d11d0ac7817ad5e94a483754b82fa9554f5d7a6c1f505c36a8b26106e2a5ca86d85f5af27393655ff0aeaea311ef31ba8db1b76fc54aa69c8ba0b9ab5eb2e5d5f0aadd6dbb8ecd9d9ee427779479b8d249d7d54a9e66ae0873a0d77b550b56716572fed52ffdca591023cd72facaa5a1abdb00aa5965ff138fec2aab5e5d2bd6acce745b574b26f1e9adf5a3eab7effcd199f9981c209186f36a6fa58bf38ccd1dfd52fc2d757b09d29a9ddd0d2dde6768aa13ded6edb865d56ada97f2275bb35f59b20aa6e640afd4d9b197847ffd262f37d45ba524ed9b50f2de991e542e784596d7ffffa62ffa219a7eb77bda94c364380fadbaca7078fca914b99eb81fd7d3d9a59eb188957ab7c38aceedbd252d63cf00e39fb0d7247ab0fce37c8f51930c23257796886b1ed64b03a6d5b826a51b0eed02d1d5ac71b872abb1471753f369b6eaa377f6cef4afd42104c3655a4ff67132a9bac4edb96a05a34349b6a7d076753f35ffef1bf000000ffff0300504b0304140006000800000021001ecf39fd340200009207000012000000776f72642f666f6e745461626c652e786d6cec94dd6adb301886cf07bb07a3f3c6b29dbf863a254d63188c1eac1dec5451645bcc928c3e256e2e6117b31bd8c92ea7b7515976b250075a53e8d16cf0cffb498fa5d72fdfd5f5a328bc1dd3c0958c5130c0c86392aa0d97598cbe3f241753e4812172430a25598cf60cd0f5fcf3a7ab6a962a69c0b3f325cc048d516e4c39f37da039130406aa64d21653a50531f65567be20fae7b6bca04a94c4f0352fb8d9fb21c663d462f45b282a4d3965b78a6e0593c6cdf7352b2c5149c87909075af5165aa5f4a6d48a3200bb6751343c41b83c628261072438d50a546a067633ed8a1cca4e0fb07b12c53fc0a81f20ec00c6c0fa21462dc287bd608fc81374f625934a93756149764b9e5d95e7c068defe4caf9a49226c79490abed6dc154a2215b0c0d676a488110e718247f65a9f431cd557e4d703694e34b01ad20cc48d9c12c18bfd41858a033485921b9a1ff41dd1bc5e5a53029ed9c216d638462b6c8f304950a304311a5a61b13c2a61fd2d7704ad121d155c2bd4719a11976e16759ce318fb4dbf71a0e3c42d93d90f4ea4b38214e6ceaa8735df7371bf95ed663a2e05786cd991bdb7e75997a6e3732e91ad51bd4c5a38936e4e4c8aa6cb64b24c162f4d0ac6af9854bbdbd3a4072e187877acf2be29d17ad53524b48644363a43179fa8576cb4e3f68d4db83a8dcdd22a93e930eac4e6f2f5d8349cfeb1f1bef22c37e7c2f3f4fbd7d39fbf6dfd7f84da8e73e2d7b9be53779b8fea3b8d1fab177d27c4939b4e80dceedfd977da07983f030000ffff0300504b030414000600080000002100b54fcf27db010000da03000010000801646f6350726f70732f6170702e786d6c20a2040128a00001000000000000000000000000000000000000000000000000000000000000000000000000000000000000000000000000000000000000000000000000000000000000000000000000000000000000000000000000000000000000000000000000000000000000000000000000000000000000000000000000000000000000000000000000000000000000000000000000000000000000000000000000000000000000000000000000000000000000000000000000000000000000000000000000000000000000000000000000000000000000000000000000000000000000000000000000000000000000000000000000000000000000000000000000000000009c535d6fd330147d47e23f447e5f9db4a383caf5843aa13d00abd46c7b36ce4d62e1d896ed552bbf9eeb84061778224fe71edf1c9ffb6176fb3ae8e2083e286bb6a45a94a400236da34cb7258ff5a7abf7a408519846686b604b4e10c82d7ffb86edbd75e0a38250a084095bd2c7e8369406d9c320c2028f0d9eb4d60f2262e83b6adb5649b8b3f2650013e9b22cd7145e2398069a2b370b924971738cff2bda5899fc85a7fae4508fb31a06a74504fe35fda9199d0956db2874ad06e03748cf01db8b0e025f323a01f66c7d83f16acde804d9ae175ec888cde3d5ea1af98c601f9dd34a8a887de55f94f436d836160fa3d92209309aa7302ce000f2c5ab78e225a379c83e2b830eaa8ad109a1372f3a2f5c1ff82a199c23769042c30e6be7add00118fd4db07b1069ae7ba192c163dc1c4146eb8ba07ee06497a4f82602a48e6dc95178254c2453da148c58bb103daf55d4a83dc723ccd372acae79352620b84c1c83d103e24b77e30de1a1c5dae23fcc56b9d9d1c36435b3933b3bdff187eace0e4e186c309d1136f87b7874b5bd4bcbf1ab87976436f76715fb8313324de7ddcd877c03b2237640161a1ce93c949960f75882d7e902fcd774d09c73fe3e483bf5343d555ead17257ee3129d39dc84f90df19f000000ffff0300504b01022d00140006000800000021004abc02716d010000280600001300000000000000000000000000000000005b436f6e74656e745f54797065735d2e786d6c504b01022d00140006000800000021001e911ab7ef0000004e0200000b00000000000000000000000000a60300005f72656c732f2e72656c73504b01022d00140006000800000021001117a0d90d010000390400001c00000000000000000000000000c6060000776f72642f5f72656c732f646f63756d656e742e786d6c2e72656c73504b01022d0014000600080000002100081fe59ac50800001dae0000110000000000000000000000000015090000776f72642f646f63756d656e742e786d6c504b01022d0014000600080000002100e6837bb70202000024070000120000000000000000000000000009120000776f72642f666f6f746e6f7465732e786d6c504b01022d00140006000800000021005f9456a4020200001e07000011000000000000000000000000003b140000776f72642f656e646e6f7465732e786d6c504b01022d001400060008000000210007b740aa240600008f1a000015000000000000000000000000006c160000776f72642f7468656d652f7468656d65312e786d6c504b01022d0014000600080000002100b8aa8c3618040000010b00001100000000000000000000000000c31c0000776f72642f73657474696e67732e786d6c504b01022d00140006000800000021009376d649180100004002000014000000000000000000000000000a210000776f72642f77656253657474696e67732e786d6c504b01022d001400060008000000210035165abf79010000ff020000110000000000000000000000000054220000646f6350726f70732f636f72652e786d6c504b01022d0014000600080000002100744344d5e50b0000f27400000f0000000000000000000000000004250000776f72642f7374796c65732e786d6c504b01022d00140006000800000021001ecf39fd3402000092070000120000000000000000000000000016310000776f72642f666f6e745461626c652e786d6c504b01022d0014000600080000002100b54fcf27db010000da03000010000000000000000000000000007a330000646f6350726f70732f6170702e786d6c504b0506000000000d000d00400300008b3600000000, '1.docx', 'Pass', 'Pass', 'Fail', 'Pass', NULL, 'Pass', NULL, 'Pass', NULL, NULL, NULL, NULL, NULL, NULL, NULL, NULL, NULL, NULL, NULL, NULL, NULL, NULL, 'Pass', 'null', 25, NULL);
INSERT INTO `bpls_t_attachments` (`AT_ID`, `AT_UNIFIED_FILE`, `AT_UNIFIED_FILE_NAME`, `AT_BRGY_CLEARANCE`, `AT_DTI_REGISTRATION`, `AT_SEC_REGISTRATION`, `AT_TITLE_TO_PROPERTY`, `AT_TAX_DECLARATION`, `AT_CONTRACT_OF_LEASE`, `AT_LESSORS_BP`, `AT_AUTHORIZATION`, `AT_LOCATIONAL_CLR`, `AT_SANITARY_HEALTH_CERT`, `AT_BUILDING_PERMIT`, `AT_POLLUTION_CLR`, `AT_MECHANICAL_PERMIT`, `AT_ELECTRICAL_INSP`, `AT_POLICE_CLEARANCE`, `AT_CTAO_CLEARANCE_CERT`, `AT_FSIC`, `AT_PREV_BP`, `AT_TAX_BILL`, `AT_OFFICIAL_RECEIPT`, `AT_PCAB_LICENSE`, `AT_LIQUOR_LIC`, `AT_MISC_DOCUMENTS`, `AP_Remarks`, `AP_ID`, `REQ_GRP_ID`) VALUES
(2, 0x504b0304140006000800000021004abc02716d01000028060000130008025b436f6e74656e745f54797065735d2e786d6c20a2040228a000020000000000000000000000000000000000000000000000000000000000000000000000000000000000000000000000000000000000000000000000000000000000000000000000000000000000000000000000000000000000000000000000000000000000000000000000000000000000000000000000000000000000000000000000000000000000000000000000000000000000000000000000000000000000000000000000000000000000000000000000000000000000000000000000000000000000000000000000000000000000000000000000000000000000000000000000000000000000000000000000000000000000000000000000000000000000000000000000000000000000000000000000000000000000000000000000000000000000000000000000000000000000000000000000000000000000000000000000000000000000000000000000000000000000000000000000000000000000000000000000000000000000000000000000000000000000000000000000000000000000000000000000000000000000000000000000000000000000000000000000000000000000000000000000000000000000000000000000000000000000000000000000000000000000000000000000000000000000000000000000000000000000000000000000000000000000000000000000000000000000000000b494cb6ac3301045f785fe83d1b6d84aba28a5c4c9a28f651b68fa018a344e4465494893d7df771c3ba694242e4dbd31d833f7de336398d1645b9a640d216a677336cc062c012b9dd27691b38fd94b7acf9288c22a619c859ced20b2c9f8fa6a34db798809a96dccd912d13f701ee5124a1133e7c152a570a11448af61c1bd909f6201fc7630b8e3d259048b29561e6c3c7a8242ac0c26cf5bfa5c93043091258f7563959533e1bdd15220d5f9daaa1f296993909172df1397dac71b6a60fc684255391dd0e8de6835412b48a622e0ab28a98b6f5c505c39b92a49999db739c2e98a424b68f5959b0f4e428cb4f3d2646da514da1ef84f7244dc1988ff4f51fb76c7032209fa00689c3b1136307fef8de29b792748e11c5a877dfc8dd6ba1302acea89e1e0fc8b3d50a2981be8630f8d752704d22582fa39bc98636f732e923aa7c1f948972dfc61ecc3e9aad4290dec21a03ebfe93691ac2f9e0faaaba8401dc9e6fb3b3ffe020000ffff0300504b0304140006000800000021001e911ab7ef0000004e0200000b0008025f72656c732f2e72656c7320a2040228a000020000000000000000000000000000000000000000000000000000000000000000000000000000000000000000000000000000000000000000000000000000000000000000000000000000000000000000000000000000000000000000000000000000000000000000000000000000000000000000000000000000000000000000000000000000000000000000000000000000000000000000000000000000000000000000000000000000000000000000000000000000000000000000000000000000000000000000000000000000000000000000000000000000000000000000000000000000000000000000000000000000000000000000000000000000000000000000000000000000000000000000000000000000000000000000000000000000000000000000000000000000000000000000000000000000000000000000000000000000000000000000000000000000000000000000000000000000000000000000000000000000000000000000000000000000000000000000000000000000000000000000000000000000000000000000000000000000000000000000000000000000000000000000000000000000000000000000000000000000000000000000000000000000000000000000000000000000000000000000000000000000000000000000000000000000000000000000000000000000000000000000ac92c16ac3300c40ef83fd83d1bd51dac118a34e2f63d0db18d907085b494c13dbd86ad7fefd3cd8d8025de96147cbd2d393d07a739c4675e0945df01a96550d8abd09d6f95ec35bfbbc78009585bca53178d670e20c9be6f666fdca234929ca838b59158acf1a0691f88898cdc013e52a44f6e5a70b692229cfd46324b3a39e7155d7f7987e33a09931d5d66a485b7b07aa3d45be861dbace197e0a663fb197332d908fc2deb25dc454ea93b8328d6a29f52c1a6c302f259c9162ac0a1af0bcd1ea7aa3bfa7c589852c09a109892ffb7c665c125afee78ae6193f36ef2159b45fe16f1b9c5d41f3010000ffff0300504b0304140006000800000021001117a0d90d010000390400001c000801776f72642f5f72656c732f646f63756d656e742e786d6c2e72656c7320a2040128a0000100000000000000000000000000000000000000000000000000000000000000000000000000000000000000000000000000000000000000000000000000000000000000000000000000000000000000000000000000000000000000000000000000000000000000000000000000000000000000000000000000000000000000000000000000000000000000000000000000000000000000000000000000000000000000000000000000000000000000000000000000000000000000000000000000000000000000000000000000000000000000000000000000000000000000000000000000000000000000000000000000000000000000000000000000000000ac93cd4ec3301084ef48bc83b577e2a44041a84e2fa852af101ec04d363f225947f616c8db6315a5a450453df8b863edcce7b1bc5a7f75adf840eb1a430a92280681949ba2a14ac15bb6b97904e15853a15b43a8604007ebf4fa6af582ad66bfe4eaa677c2bb90535033f74f52babcc64ebbc8f448fea434b6d3ec475bc95ee7efba42b988e3a5b4530f484f3cc5b65060b7c52d886ce8f1126f53964d8ecf26df77487c26427ee2ee1599fde59cb7d5b64256301123ef08f23cc8434810f6bbf88b70187fc4648e611192c1fd6b6254e61092a0083cb4380538cc73f1cb90f1a521cef4ae9dbcc4519a83b80f09815490e1690ba332877017b607c37f188ed208214f3e7cfa0d0000ffff0300504b030414000600080000002100081fe59ac50800001dae000011000000776f72642f646f63756d656e742e786d6cec5d6b6fdb3617fefe02fb0f8c8ab76dd0a492bcb42bdc3985d3a88987c4316c6745b115032dd196108914283a8ed7edbf8f94ec5c9d588e654666980fb1753be4b9f09c878787d6af9f2ea2109c239a0404d70cfbad6500845de2057850334ebb5fb63f182061107b302418d58c314a8c4fbb3ffdefd751d523ee304298014e0227d551ecd60c9fb1b86a9a89eba308266fa3c0a524217df6d6259149fafdc045e68850cfac58b6957e8b29715192f0f63e437c0e136342cebdc847cda370c41f1604774cd78794a18b298de86e8f488c30bfd82734828c1fd28119417a368cb739cd18b2a01784011b7372d6fb291952338614572724b62fbb211ea966dd987c4c9fa079dacd1ed99f48316dd1a428e47d2038f183f85214d163a9f18bfe94c8f9434c9c47e1f4be516cef2ca7c7fd4c235704f3747fa2c628cc7afe3045dbcaa11141e2f2893c5db8d9e6b427110cf055c38f12cd35e1daef162350b943e07d821623f16e42c24cc6d1d5d018c583e5b47c40c930bea2162c47ad81cf2e690937b300ad89b55cb7e064b9ce747c18f3a11cb9d5c600130a7b21ef11d73de0ea03a906801825c62e77823de28dc5670c4655ee44bd76cdb02ca76ed577b8fb989c6ad11927f7511f0e4376f74aebdaa994728b8a0f9a7df44cf13ff99bdf7c0ec39a51b10d7ec69c5c37af6e9fd9786e42a32adbfd0c39a31d36f4c6e0852daeb0ec7ad68c4ca60b60f721465f04d80d871e022f43f6f106a39c3e25a4ef50419f8d636e07498cc2b0c3789c1164966cd92538206ffd5c6d3ad82ba0c597835b2c6a5d16a4cb84795a9745ea52b8f36a1243974b2da62841f41c19bb2f3cd40f30023190aadd980698f51751ee735246225719890bb1d6c52d5d88b9cfc26ab873c380c2a82835419c48f4867fcc6b4bb0564c53b6657d2fbbe75ded08e4ce509e6a67db7bb96cfd1c9ea96aebdad4b5a9df1208bfb205e5d9e01626e8628b45b1c421b676465fa48a45d2ebb53cfd6e3e6759ff00a63c499ba0d53e396e753ba07be880d38ed306dd13d068b64ebbe0f0e42b38ae37bff1c3ae73c0affc5e3f3a753ae06be3e808ec39c0e1a7dbce7ec97555bcf74d84a2ab377df033b3d158a23330fe9cd756a1e11d1f9251ae065719df2388c780c755344014f027872801a3200c410f01c44f53e45581b1a974e62e796dfcdfcb63664569ded87a09a378e124e10a4d3f4356f2ac7157698b82bd5440b930b5626329e8cf75d845cf91a41aee6c958a7c78cdb6369556ed8f9233a771c82371c837327cea01045c8831611c89c44306988f3830b9c8f0c806a8530ac7e20e407038063e093d605b008548149c241b8fc2274f9813caa99701616441bd2ca58274b6a134d0fb5761e652cca1a4d64c334b00a489832c33a0b291f60905af616ddec82f32b8591f25a654a597476410713e8b05ce6edebc297b627129f634125414093a22e3236f9cdc03446006fc74de49fdbc93e4c56bf85d6d8bd20077d53c2825d31026ac8db027b2fc2d38407b14c1b37498a5a85be0ed9376e3a0d1ac1f81a346a75b72ebd261ff9161bf0c09a0c962539afb91ca7d9f8444ecf1797209a4a027a92a0e7af8f456cf6ef5ecb6c4161a7358feb3645c9e03071767a3aac3e07bfc2bff53d96c4db373d2ee369a072a33e9dd5c11790e76fb63edeabf8a05a7045ddc10c06a635bcdd2e86bbdd1570688b6ed8f50719c22bbd4467aaeeece2e53d5387c637fd7eb44ca462eb9bb46e63af5f5f605cf7b27987471ab6d4ddcef6a7b922af079ad158938edc5ad77859054ef1d9467d6b2e78ab65e4cd6cc9590b9911f84082c3c3b5ca957963c363772253956b89c676d7e5439ddac72b9b1c8a33bfbbae241e18a870ea10ccd5de35b7da563b6b385600603ac97fed73ff92cd58af5d27fd116aa97fe352c292d2cc97641359a07a0de3ce91e3a6dd03c3dde73da2a0fc8744fa25d2d398b32dcfc3c1f51a893571a862cbe2ab53a3ef275b9d45e6d85e1f1a1fa749567270db10b5ede80bf771b161e463d440123e2d780f80405894993de96553c06d4dbb274267d4d99bb169b0a23a498fa39749f22765da2bbdedce912dd59784597e816387e7489ae3abad425baebcea12ed1553972e9125d5da2ab4b744bea77b53d4915f8bcd67489ae2ed15d9e7b5da27b4bdc4bb1a74b74d795395da22bb3445754e32a6c4d4a17e31e9e7c15352fe2c7c89ace57d0763aa747ba2e57d2b891bdf2ddf5913c0f74cfba374623100609d375b9ea649ca55ab1aecb2dda42755dae4628a54528bf3bedc697c6e77ab771d2547910a6b5b895b5abc5d5d02b5773787fd197cd2cd1da3dc86b4c8660043113158759b9218098307ffa6a42f0fa9bd9dcfcf40cea0fe7bebe5eedfa4388e70aa0c8e4b7a578fda1ec3204c9ea933956acf92b17c50d83daabf1ab7ffe515775b3c3001f8eb5daab6faff4db144b85a30a34b387f6753ce2ad77855b60f62a3cbd74b4b6cca130414047bd758d7af8d946bda68e7ae58a7a6b9b3de8fa109f8919f5063884e748ece60b5c043c38de507cfeac72649bed3bd27077ed4f7b90127910a9251c310d30ebcf733305c210a57761f32bc1d3ff4854fa4ef43fb151fe1f945bad42ca3333ace8f8b9a6ccddd8adfcb4ae7a8098ebcbb367999e3a0fbeb4ecf7f6ce8759d6f2c5a9fcf2a55e8cb5e4b1de471aaab0a435e8400e553e4ce85e5fd8a22886e2958dbd7175f1c8b43af790d348f7e09005dc9d6f810ea4d007cdc025e1edeab31e216711a467e9a0e7b4028ff74ef414c3880be3af03b207ddb36cc84cefe563e8f2ceaccdb239d09c123ae0024294a2bfb7c06fc4c7e033a4e1e29bfb9f106de4e4f308f6e018e15baa9fe78b7312df026d3efdc65c8263f7a675a921bc63182f5ab2995b721d1f210cc1312c91e0f2f67eafd3e8027bdb9ed9f304b9ac75e997ef76b2c3afdfeee7a0235a1bd50cbb52d9497d90cfbfbffbb0937a1971c3314c454e627e7e27bb8506039f5d1df6086324ba3a0e51ffda551f410f714ff48b95c6e53e21ecdae160c8d2c34973dc5926fc2c1e727215717d121fc4dde90d1e710f68205c611860d40a38daa9193fbf9ffac44c04e9d71ef1c6e917fec8304298edfe070000ffff0300504b030414000600080000002100e6837bb7020200002407000012000000776f72642f666f6f746e6f7465732e786d6ccc94cd6ee32010c7ef2bf51d2cee09384ab32b2b4e1535cdaab7aadd7d008a718c6a1804384ede7ec15fc96eaa28692e7b3106667ef31f0666feb09365b4e5c60a50298ac704455c31c884daa4e8f7aff5e8078aaca32aa325289ea23db7e86171f76d5e27398053e0b88d3c43d9a4d62c4585733ac1d8b2824b6ac7523003167237662031e4b9601cd760323c213169feb401c6adf5011fa9da528b3a1cdb5d46cb0cadbd73004e312ba8717cd733e4a922d05cf9cd1c8ca4ce4fcd064b6a3e2a3df24c4d9d7817a5707b8f23b31e0329aa8c4a3ac46890115c92564637f41ee692b8adcb0a5825b9724d446c78e93580b285d0c351c8afd2fc66d143b6e792d8cab2b7ab753cbdad8eabb62207e025f2bb32cab2557e9e18930b2a121083c72512fe8ed92b9154a843e02f1dcdd1e1c6f7d70126278099e5d721ee3b04b67b79781ab5dedc56e59f062a7da089db68cfea6360853e7305abbb2dc737d8de26e6ada0da3f65c992e78d0243df4bafc8d73ef2e58b9a0a44e195a0c551178ceac4edb5b7b35c53431d18e4974496a251dc186a3ff56d367b4d1121eba7c9f7f53258344b2b9ed3aa74a73b2f61e9694996d3590b793161b09a32afd31bd1dc71df6c4870284538b9c97498bc564138ad1c20bc98e3c1bd65f43adb2dd31a34df3ea74ff363a09c5055d3a5defecd95fc97a97e2af95cda4713bbf8030000ffff0300504b0304140006000800000021005f9456a4020200001e07000011000000776f72642f656e646e6f7465732e786d6ccc944b6edb301086f7057a07817b9b94e1b885603930eab8c82e48da0330146511111f2029cbbe7d877aa67560d8f1a61b512467bef98743cef2fe20cb68cfad135aa5289e121471c57426d42e45bf7f6d27df51e43c55192db5e2293a7287ee575fbf2ceb84ab4c69cf5d0408e592dab01415de9b0463c70a2ea99b4ac1ac763af753a625d6792e18c7b5b6199e9198347fc66ac69d83783fa8da53873a1c3b5c46cb2cadc13900e79815d47a7ee819f25491365cc166aeada41ea6768725b56f959900d3502f5e4529fc117064d163748a2aab920e3119640497a495d10dbd87bd246eebb2d1ac925cf92622b6bc040d5ab94298e128e46769b059f490fdb924f6b2eced6a13cf6fabe3a6adc808bc447e574659b6cacf13637241450262f0b844c2df317b25920a3506fed4d1bc3bdcf8ee3ac0ec04b070fc3ac45d87c0ee28c7a7519bdd6d55fe697565469ab88df6a8de0656683357b0badbf2fe06bbdbc4bc14d4c053962c79dc296de96b098aa0f611942f6a2a108557825663138ceac41f0d98396ea8a55e5b044b224bd1246eec0c4ca1c966cf292264fb30fbb65d078b6669c3735a95fe74e7292c3dacc97abe68214f360cce500632c188e69e43af21c1a114e1e066f361f25c05ddb4f21ae1d5120fee2da3d7d96ed9d6a0f976297d941dd3ca0b55352deae5df4cc97f99e88792cf243dfebbd51f000000ffff0300504b03041400060008000000210007b740aa240600008f1a000015000000776f72642f7468656d652f7468656d65312e786d6cec594d8b1b3718be17fa1f86b93b1edb33fe58e20de3b19db4d94d42769392a33c23cf28d68c8c24efae0981929c7a2914d2d24303bdf5504a030d34f4d21fb390d0a63fa292c6638f6cb94bba0e84d235acf5f1bcaf1ebdaff448e3b97aed2cc5d609a40c91ac6bd7ae38b605b39044288bbbf6bde361a56d5b8c832c029864b06bcf21b3afed7ffcd155b0c71398424bd8676c0f74ed84f3e95eb5ca42d10cd815328599e81b139a022eaa34ae46149c0abf29aed61da7594d01ca6c2b03a9707b7b3c4621b48ea54b7bbf703ec0e25fc6996c08313d92aea166a1b0d1a426bfd89c05985a2700776d314e444e8fe119b72d0c18171d5ddb517f7675ff6a756984f916db92dd50fd2dec1606d1a4aeec683c5a1abaaee736fda57f05c07c1337680d9a83e6d29f0280301433cdb994b15eafd3eb7b0b6c0994170dbefbad7ea3a6e14bfe1b1b78df931f0daf4079d1ddc00f87c12a8625505ef40c3169d50357c32b505e6c6ee05b8edf775b1a5e81128cb2c906daf19a8da098ed123226f88611def1dc61abbe80af50d5d2eacaed33be6dada5e021a1430150c9051c65169f4fe118840217008c46145907284ec4c29b828c30d1ecd49da1d310ffe5c755251511b00741c93a6f0ad94693e463b190a229efda9f0aaf7609f2fad5abf3272fcf9ffc7afef4e9f9939f17636fdadd00595cb67bfbc3577f3dffdcfaf397efdf3efbda8c6765fc9b9fbe78f3dbefffe49e6bb4be79f1e6e58bd7df7ef9c78fcf0c709f8251197e8c52c8ac5bf0d4ba4b523141c3007044dfcde23801a86ce167310319903606f480271afad61c6060c0f5a01ec7fb54c88509787df650237c94d0194706e0cd24d5808784e01ea1c639dd946395a330cb62f3e07456c6dd05e0c43476b096e5c16c2ad63d32b90c12a8d1bc8345ca410c33c82dd94726101acc1e20a4c5f51085943032e6d60364f5003286e4188db4d5b432ba81529197b989a0c8b7169bc3fb568f6093fb3e3cd191626f006c7209b116c6eb60c6416a640c525c461e009e98481ecd69a8059c7191e91862620d22c898c9e6369d6b746f0a9931a7fd10cf531d49399a989007809032b24f264102d2a99133ca9232f61336114b14587708379220fa0e91759107906d4df77d04b5745fbcb7ef0919322f10d933a3a62d0189be1fe7780ca0725e5dd3f51465178afc9abc7bef4fde8588befeeeb959737720e966e065c4dca7c8b89bd6257c1b6e5db8034223f4e1eb761fccb23b506c1503f47fd9fe5fb6fff3b2bd6d3fef5eac57faac2ef2c5755db949b7deddc708e3233ec7f080296567627ad15034aa8a325a3e2a4c13515c0ca7e1620a54d9a2847f8678729480a918a6a64688d9c275ccac2961e26c50cd46dfb203cfd24312e5adb55af1742a0c005fb58bb3a568172711cf5b9badd563d8d2bdaac5ea71b920206ddf854469309d44c340a255345e4042cd6c272c3a06166de97e2b0bf5b5c88ad87f16903f6c786ece48ac37806124f394db17d9dd79a6b705539f76dd30bd8ee4ba9b4c6b244acb4d27515a860988e07af38e73dd59a554a32743b149a3d57e1fb99622b2a60d38d36bd6a9d8730d4fb809c1b46b8fc5ad5014d3a9f0c7a46e021c675d3be48b40ff1b659952c6fb8025394c75e5f34f1187d4c228156bbd9c069cadb8d5ea2d39c70f945cc7f9f022a7beca4986e3310cf996965555f4e54e8cbd9704cb0a9909d24749746a8df08cde0522505eab26031821c697d18c102d2dee5514d7e46ab115b55fcd565b14e0690216274a59cc73b82a2fe994e6a198aecf4aaf2f26338a65922e7dea5e6c243b4aa2b9e50091a7a6593fdedf215f62b5d27d8d552eddeb5ad729b46edb2971f903a1446d3598464d3236505bb5ead4767821280db75c9adbce885d9f06ebab561e10c5bd52d5365e4f90d143b1f2fbe2ba3ac39c29aaf04c3c2304c50fcbb912a8d6425dceb835a3a86b3f723cdf0dea5e5071dadea0e2365ca7d2f6fc46c5f7bc466de0d59c7eaffe5804852769cdcbc71e8ae7193c5fbc7d51ed1b6f60d2e29a7d25246995a87b705519ab3730b5faf6373016129179d4ac0f3b8d4eaf59e934fc61c5edf7da954ed0ec55facda0d51ff603afdd193eb6ad130576fd46e03607ed4ab3160415b7e948faed4ea5e5d6ebbedbf2db03d77fbc88b59879f15d8457f1daff1b0000ffff0300504b030414000600080000002100b8aa8c3618040000010b000011000000776f72642f73657474696e67732e786d6cb456db6edb38107d5f60ffc1d0f32a9614d949843a85edc4db1471bba8d20fa0a4914d841781a4ec388bfdf71d52626c276991b6e893a939336786c3b9f8ddfb07ce061b509a4a3109e293281880286545c56a127cbd5b84e7c1401b222ac2a48049b0031dbcbffcf38f77db4c8331a8a607482174c6cb49b036a6c986435dae81137d221b1008d6527162f053ad869ca8fbb6094bc91b6268411935bb611245e3a0a79193a05522eb29424e4b25b5ac8d35c9645dd312fa1f6fa1dee2b733b99265cb4118e771a880610c52e8356db467e33fcb86e0da936cbe77890d675e6f1b476fb8ee56aaeac9e22de1598346c912b4c607e2cc0748c5de71fa82e8c9f709faeeafe8a8d03c8edce930f2d18f11242f08c61a7e8c62d4530cf58ec38327d2ec2d29e9a05b5a28a2ba82ebf3c1cbec6625a42205c370302f03bcdac045175c62953f4ac907dbac0155e2534f8271140cad1cf32bebdc100388ea0618732d533220c8bacd568a702c762f713615d4a465e68e14b9910d2a6d08067f96f494e59a28521a5079434a649b4b6194645eaf929fa49963e3287cd7cea296d20869e01f75f88506b49a04617cacd48b9db3e1735b10d58b8f673cc7524f7364d8b5b53db51a16d7b764275bd3ddcd217937329042108ee93e1a034b5981cd5cabe8dbebc21ab8ecc4a33e89af3a9238e214ade0ce3e736e760c1698dc9c3ec254541f5b6d2832ba61f00b117c2f0010d6f3672cccbb5d030b20a6c567fc4dce5ca52c186d965429a96e4485a5fbdb9cd1ba06850e28f6c212cb9b2ab97579fe00a4c2cdf28b7e878765857baad2fef0052bd8ab46d1f5349aa6e32e528bee918b71349bf7e5718cccafcee278fa1af26db6c57572b67036c3a7787866a7bfed81ee648b6bc03b8b39e185a264b0b4fb6168350a753fa3c2e305e09c8243246f0b0f866107684e185be074f0806b3f9e5554375750bb335b12b5daf3f61aea55294ea28f4f5c76b081fa5bc9b6e9d0ad224d57345e254ed3de920a734bb997ebb6c8bd95c0c97a00b5a2fabc512e4ffbf46c33838fef9aef96b82272ba20c2afb97d7620da4c352593e0711dce3ff575c7546e6b0696a469bad22b56f1246074b536b13533f855e13f0bf751ac921e4b1c967498fb20a5bd2c6af787bd2cf1b203bd532f3bddcb522f4bf7b291978df6b2b1978dad6c8d4daf7043dc6317f8a395d79231b985eac31e7f21ea92a0d7a481ab6e8160c5c94ed06f143dd864f080db092a6af00f5b432b4e1ef0d9a2c4d570afcddc3c3ed2b598556e8e192a6288efbf236357f5cf62b18bada458a1f98e17fb7d75d205cea8c699d1e06a335279ec2f87c56956c9f2069b0b4f4e9e46d7a3ab453aebe0915b89e60eebfe1edffd0bd433a2a1ea316f3aea4cff3d9f4ee38b799c868bd33809d3ebf379383b9dc7e169329f8e938b743c9acefeebfbd6ff77bdfc1f0000ffff0300504b0304140006000800000021009376d649180100004002000014000000776f72642f77656253657474696e67732e786d6c94d1c14a03311006e0bbe03b84dcdb6c8b2db2745b10a97811417d80349d6d83994cc8a46eebd33bae55112fed2d93643ee667668b3d06f506993dc5468f869556101dad7ddc34fae57939b8d68a8b8d6b1b2842a30fc07a31bfbc98757507ab2728457eb21225728daed1db52526d0cbb2da0e5212588f2d852465ba4cc1b8336bfeed2c011265bfcca075f0e665c55537d64f2290ab5ad77704b6e87104bdf6f32041129f2d627fed6ba53b48ef23a6572c02c79307c79687dfc614657ff20f42e13535b8612e638514f49fba8ea4f187e81c979c0f81f3065388f981c09c30784bd56e8eafb4da46c57412489a4642ad5c37a2e2ba5543cfa775852bec9d43164f3796d43a0eef1e14e0af367eff30f000000ffff0300504b03041400060008000000210035165abf79010000ff02000011000801646f6350726f70732f636f72652e786d6c20a2040128a00001000000000000000000000000000000000000000000000000000000000000000000000000000000000000000000000000000000000000000000000000000000000000000000000000000000000000000000000000000000000000000000000000000000000000000000000000000000000000000000000000000000000000000000000000000000000000000000000000000000000000000000000000000000000000000000000000000000000000000000000000000000000000000000000000000000000000000000000000000000000000000000000000000000000000000000000000000000000000000000000000000000000000000000000000000000008c92514fc23010c7df4dfc0e4bdf473b1034cb1889184c8c24266234bed5f680cad6366d61e0a7b7dbd8701113dfee7abffbdff5df26937d9e053b3056283946518fa00024535cc8d518bd2c66e10d0aaca392d34c4918a3035834492f2f12a663a60c3c19a5c1380136f04ad2c64c8fd1da391d636cd91a726a7b9e90beb85426a7cea7668535651bba02dc2764847370945347712918ea56111d25396b25f5d6649500671832c8413a8ba35e844fac0393dbb30d55e507990b77d070166d8a2dbdb7a2058ba2e815830af5fb47f86dfef85c5d3514b2f48a014a13ce62275c0669824fa18fecf6e31398ab8fdbc4c7cc0075caa40f6a2d832935990aeeb7de0663e0ab821ba0b47e038742196ebd4c27f31807cb8cd0ce3f683da473e0e98c5a37f72fbc14c06f0f7fccfbcd95ad0676a2fc296954116d9a1c6daf77041e78bbe2dadca6f23a98de2d6628ed936818462424a305b98eaf063121efe59a9dfe93607e5ce0df8a43d2556c046aa7ba5f36fd060000ffff0300504b030414000600080000002100744344d5e50b0000f27400000f000000776f72642f7374796c65732e786d6cec9dcb72e3ba1186f7a9ca3bb0b44a161e59beceb88ee794edb16357e6e233f264d6100959884942e1656c9fa70f009212a4262836d8f12a2b5b22fb2388bf7f10cd8bf8dbef2f491cfce2592e647a3e9abcdb1f053c0d6524d2c7f3d18f879bbdf7a3202f581ab158a6fc7cf4caf3d1ef1ffffa97df9ecff2e235e679a000697e9684e7a345512ccfc6e33c5cf084e5efe492a76ae15c66092bd4c7ec719cb0eca95cee853259b242cc442c8ad7f1c1fefec9a8c6647d28723e1721ff24c332e16961e2c7198f1551a6f9422cf386f6dc87f62cb36899c990e7b9dae924ae780913e90a333902a0448499cce5bc78a776a66e9141a9f0c9bef92f89d780631ce000004e728e431cd78871fe9af09751908467778fa9ccd82c5624b54b816a5560c0a38f4acd48869ff89c957191eb8fd97d567fac3f993f37322df2e0f98ce5a1100faa150a950845bdbd487331524b38cb8b8b5c307be175fd9d5ebed02bb6468679617d7d2922311aeb8de67faa85bf587c3e3a3868beb9d28dd8f82e66e963f31d4ff77e4cedc69c8ffe5cec5d7dd55fcd14f77cc4b2bde9850e1cd7fb56fdb5f678b9fdc96c78c94261b6c3e60557b93a39d9d7d058686b1c1c7f683e7c2f7527b3b290f5460ca0fabbc28e41a7ab1456093dad7ca596f2f967193ef1685aa805e723b32df5e58fbbfb4cc84c79e77cf4c16c537d39e589b81551c4536bc5742122fe73c1d31f398fd6dfff7163f2bffe229465aafe3f3c9d984488f3e8fa25e44bed26b534655a93af3a20d66b9762bd7113fe9f0636a995688b5f70a6879460b28d30cd47210e74446eed6d3bb3dcda77b3166a43876fb5a1a3b7dad0f15b6de8e4ad3674fa561b7aff561b3298ffe586441af197ca88703380ba8be370239ae3301b9ae3f0129ae3b00a9ae370029ae3487434c791c7688e234d119c4286ae2cb492fdd091eddddcddc7083feeee43821f77f711c08fbb7bc0f7e3ee1edffdb8bb87733feeeed1db8fbb7bb0c673aba95670a76c9616835d3697b24865c18382bf0ca7b154b14c9d45c3d3073d9e91ec2401a61ad9ea03f1605ac8cce7dd19624cea7f3c2f744517c87930178f65a6caf3a10de7e92f1eab42396051a47884c08c1765e6e8119f9ccef89c673c0d396562d341752518a4653223c8cd257b2463f13422eebe86483228ac125ad5cf0b6d124190d4090b3339bc6992918d0f9f453ebcaf3424b82ce39813b1bed2a498610daf0d0c6678696030c32b0383195e18589a5175514d23eaa99a46d461358da8dfaafca4eab79a46d46f358da8df6adaf07e7b10456c86787bd631e97feeee2a96faccf8e0764cc563cad40460f8e1a63e671adcb38c3d666cb908f489e976acbdcfd8ed5ccae83578a038a6ad4854f37a9322576aaf455a0eefd00d1a95b9563c227bad7844065bf1865bec8b9a26eb09da2d4d3d332d6745ab690da99769a72c2eab09ed70b7b1627886ad0d7023b29ccc06ed58820cfeaaa7b35a4e8a916fddcae10d5bb386db6a7b54226d5e8d2468652cc3279a61f8f675c93355963d0d26ddc83896cf3ca2234e8b4c56b9665bfec048d2cbf2d7c972c172616aa50d44ff437d734d3df8c2968377e83e6622a5d1ed7a2f61220ee86610b70f5f3e070f72a9cb4cdd3134c04b5914322163d66702fff693cffe4ed3c00b5504a7af447b7b41747ac8c0ae04c141a622c98888a4a699221524c750c3fb277f9d49964534b4fb8c57b7b1149c883865c9b29a7410784b8d8bcf6afc21980d19debf5826f479212a533d90c0acd3867939fb370f870f755f65407266e85b5998f38f66aa6ba2e970c3a7091bb8e15304a3a63a3ce8fc25d8d90ddcf09dddc051edec55ccf25c382fa17af3a876b7e151efeff0e2afe6c95866f332a6ebc00648d6830d90ac0b655c26694eb9c78647b8c38647bdbf8429637804a7e40cef1f9988c8c430302a250c8c4a0603a3d2c0c04805187e878e051b7e9b8e051b7eaf4e05239a025830aa3c233dfc135de5b160547966605479666054796660547976f829e0f3b99a04d31d622c2455ce5948ba034d5af064293396bd1221af63fec8084e9056b4fb4ccef5f30d32ad6ee22640ea73d431e164bbc25189fc93cfc89aa65994ed223823cae2584aa2736beb038e89dcbc776d57987992637013ee6316f2858c239e39f6c91dabeae569f558c676f34d337a9df6fc2c1e1745305daccef6db9893fd9d914dc1be11b67b836d7d7ed23ccfd216f68547a24c9a86c287294e0efb079b8cde083eda1dbc9e496c441ef78c84db3cd91db99e256f449ef68c84db7cdf33d2f87423b2cb0f9f58f6d49a08a75df9b3aaf11cc977da9545abe0d6cd7625d22ab22d054fbbb268c32ac14518eaab05509d7e9e71c7f7338f3b1ee3223705632737a5b7afdc882e837de7bf843eb263064db3bdd5dd1360dc3793e85e23e71fa5accedb6f5c70eaff50d79d9a38a5390f5a3987fd2f5c6d8c32ee7eec3ddcb811bdc71d37a2f700e446f41a899ce1a821c94de93d36b911bd072937023d5ac123026eb482f1b8d10ac6fb8c5690e2335a0d9805b811bda7036e04daa8108136ea8099821b81322a08f7322aa4a08d0a1168a34204daa8700286332a8cc71915c6fb1815527c8c0a2968a34204daa81081362a44a08d0a1168a37aceed9de15e468514b45121026d5488401bd5cc17071815c6e38c0ae37d8c0a293e468514b45121026d5488401b1522d0468508b4512102655410ee655448411b1522d0468508b451ab470dfd8d0ae3714685f13e4685141fa3420adaa81081362a44a08d0a1168a34204daa81081322a08f7322aa4a08d0a1168a34204daa8e662e100a3c2789c5161bc8f5121c5c7a89082362a44a08d0a1168a34204daa81081362a44a08c0ac2bd8c0a2968a34204daa810d1959ff5254ad76df613fc594fe71dfbfd2f5dd58dfa6e3fca6da30efba39a56b959fd9f45b894f229687df0f0d0d41bfd2062160b694e513b2eabdb5c734b04eac2e7b7abee277c6cfac01f5daa9f8530d74c01fca86f2438a772d495f2762428f28eba32dd8e04b3cea3aed1d78e0487c1a3ae41d7f8b2b929451d8e4070d73063054f1ce15da3b5150ebbb86b8cb602610f778dcc5620ece0aef1d80a3c0ef4e0bc1d7ddcb39f4e56f7970242573a5a845337a12b2da156cd700c8dd1573437a1af7a6e425f19dd04949e4e0c5e58370aadb01be52735b419566a7fa3ba0958a921c14b6a80f1971aa2bca586283fa9e1c088951a12b052fb0fce6e8297d400e32f3544794b0d517e52c34319566a48c04a0d0958a9071e909d187fa921ca5b6a88f2931a4eeeb0524302566a48c04a0d095e52038cbfd410e52d3544f9490daa64b4d49080951a12b052438297d400e32f3544794b0d515d529bb3281b52a314b6c27193302b107740b6027183b315e8512d59d19ed59245f0ac96a0568de6b86ac916cd4de8ab9e9bd057463701a5a7138317d68d422bec46f9498dab96daa4f637aa9b80951a572d39a5c6554b9d52e3aaa54ea971d5925b6a5cb5d42635ae5a6a93da7f707613bca4c6554b9d52e3aaa54ea971d5925b6a5cb5d42635ae5a6a931a572db5493df080ecc4f84b8dab963aa5c6554b6ea971d5529bd4b86aa94d6a5cb5d42635ae5a724a8dab963aa5c6554b9d52e3aa25b7d4b86aa94d6a5cb5d42635ae5a6a931a572d39a5c6554b9d52e3aaa54ea91dd5d2f879e3054c9a6d5e71a6562e5e975cff06b7f5c04c54fd06697d11d0ac7817ad5e94a483754b82fa9554f5d7a6c1f505c36a8b26106e2a5ca86d85f5af27393655ff0aeaea311ef31ba8db1b76fc54aa69c8ba0b9ab5eb2e5d5f0aadd6dbb8ecd9d9ee427779479b8d249d7d54a9e66ae0873a0d77b550b56716572fed52ffdca591023cd72facaa5a1abdb00aa5965ff138fec2aab5e5d2bd6acce745b574b26f1e9adf5a3eab7effcd199f9981c209186f36a6fa58bf38ccd1dfd52fc2d757b09d29a9ddd0d2dde6768aa13ded6edb865d56ada97f2275bb35f59b20aa6e640afd4d9b197847ffd262f37d45ba524ed9b50f2de991e542e784596d7ffffa62ffa219a7eb77bda94c364380fadbaca7078fca914b99eb81fd7d3d9a59eb188957ab7c38aceedbd252d63cf00e39fb0d7247ab0fce37c8f51930c23257796886b1ed64b03a6d5b826a51b0eed02d1d5ac71b872abb1471753f369b6eaa377f6cef4afd42104c3655a4ff67132a9bac4edb96a05a34349b6a7d076753f35ffef1bf000000ffff0300504b0304140006000800000021001ecf39fd340200009207000012000000776f72642f666f6e745461626c652e786d6cec94dd6adb301886cf07bb07a3f3c6b29dbf863a254d63188c1eac1dec5451645bcc928c3e256e2e6117b31bd8c92ea7b7515976b250075a53e8d16cf0cffb498fa5d72fdfd5f5a328bc1dd3c0958c5130c0c86392aa0d97598cbe3f241753e4812172430a25598cf60cd0f5fcf3a7ab6a962a69c0b3f325cc048d516e4c39f37da039130406aa64d21653a50531f65567be20fae7b6bca04a94c4f0352fb8d9fb21c663d462f45b282a4d3965b78a6e0593c6cdf7352b2c5149c87909075af5165aa5f4a6d48a3200bb6751343c41b83c628261072438d50a546a067633ed8a1cca4e0fb07b12c53fc0a81f20ec00c6c0fa21462dc287bd608fc81374f625934a93756149764b9e5d95e7c068defe4caf9a49226c79490abed6dc154a2215b0c0d676a488110e718247f65a9f431cd557e4d703694e34b01ad20cc48d9c12c18bfd41858a033485921b9a1ff41dd1bc5e5a53029ed9c216d638462b6c8f304950a304311a5a61b13c2a61fd2d7704ad121d155c2bd4719a11976e16759ce318fb4dbf71a0e3c42d93d90f4ea4b38214e6ceaa8735df7371bf95ed663a2e05786cd991bdb7e75997a6e3732e91ad51bd4c5a38936e4e4c8aa6cb64b24c162f4d0ac6af9854bbdbd3a4072e187877acf2be29d17ad53524b48644363a43179fa8576cb4e3f68d4db83a8dcdd22a93e930eac4e6f2f5d8349cfeb1f1bef22c37e7c2f3f4fbd7d39fbf6dfd7f84da8e73e2d7b9be53779b8fea3b8d1fab177d27c4939b4e80dceedfd977da07983f030000ffff0300504b030414000600080000002100b54fcf27db010000da03000010000801646f6350726f70732f6170702e786d6c20a2040128a00001000000000000000000000000000000000000000000000000000000000000000000000000000000000000000000000000000000000000000000000000000000000000000000000000000000000000000000000000000000000000000000000000000000000000000000000000000000000000000000000000000000000000000000000000000000000000000000000000000000000000000000000000000000000000000000000000000000000000000000000000000000000000000000000000000000000000000000000000000000000000000000000000000000000000000000000000000000000000000000000000000000000000000000000000000000009c535d6fd330147d47e23f447e5f9db4a383caf5843aa13d00abd46c7b36ce4d62e1d896ed552bbf9eeb84061778224fe71edf1c9ffb6176fb3ae8e2083e286bb6a45a94a400236da34cb7258ff5a7abf7a408519846686b604b4e10c82d7ffb86edbd75e0a38250a084095bd2c7e8369406d9c320c2028f0d9eb4d60f2262e83b6adb5649b8b3f2650013e9b22cd7145e2398069a2b370b924971738cff2bda5899fc85a7fae4508fb31a06a74504fe35fda9199d0956db2874ad06e03748cf01db8b0e025f323a01f66c7d83f16acde804d9ae175ec888cde3d5ea1af98c601f9dd34a8a887de55f94f436d836160fa3d92209309aa7302ce000f2c5ab78e225a379c83e2b830eaa8ad109a1372f3a2f5c1ff82a199c23769042c30e6be7add00118fd4db07b1069ae7ba192c163dc1c4146eb8ba07ee06497a4f82602a48e6dc95178254c2453da148c58bb103daf55d4a83dc723ccd372acae79352620b84c1c83d103e24b77e30de1a1c5dae23fcc56b9d9d1c36435b3933b3bdff187eace0e4e186c309d1136f87b7874b5bd4bcbf1ab87976436f76715fb8313324de7ddcd877c03b2237640161a1ce93c949960f75882d7e902fcd774d09c73fe3e483bf5343d555ead17257ee3129d39dc84f90df19f000000ffff0300504b01022d00140006000800000021004abc02716d010000280600001300000000000000000000000000000000005b436f6e74656e745f54797065735d2e786d6c504b01022d00140006000800000021001e911ab7ef0000004e0200000b00000000000000000000000000a60300005f72656c732f2e72656c73504b01022d00140006000800000021001117a0d90d010000390400001c00000000000000000000000000c6060000776f72642f5f72656c732f646f63756d656e742e786d6c2e72656c73504b01022d0014000600080000002100081fe59ac50800001dae0000110000000000000000000000000015090000776f72642f646f63756d656e742e786d6c504b01022d0014000600080000002100e6837bb70202000024070000120000000000000000000000000009120000776f72642f666f6f746e6f7465732e786d6c504b01022d00140006000800000021005f9456a4020200001e07000011000000000000000000000000003b140000776f72642f656e646e6f7465732e786d6c504b01022d001400060008000000210007b740aa240600008f1a000015000000000000000000000000006c160000776f72642f7468656d652f7468656d65312e786d6c504b01022d0014000600080000002100b8aa8c3618040000010b00001100000000000000000000000000c31c0000776f72642f73657474696e67732e786d6c504b01022d00140006000800000021009376d649180100004002000014000000000000000000000000000a210000776f72642f77656253657474696e67732e786d6c504b01022d001400060008000000210035165abf79010000ff020000110000000000000000000000000054220000646f6350726f70732f636f72652e786d6c504b01022d0014000600080000002100744344d5e50b0000f27400000f0000000000000000000000000004250000776f72642f7374796c65732e786d6c504b01022d00140006000800000021001ecf39fd3402000092070000120000000000000000000000000016310000776f72642f666f6e745461626c652e786d6c504b01022d0014000600080000002100b54fcf27db010000da03000010000000000000000000000000007a330000646f6350726f70732f6170702e786d6c504b0506000000000d000d00400300008b3600000000, '1.docx', NULL, NULL, NULL, NULL, NULL, NULL, NULL, NULL, NULL, NULL, NULL, NULL, NULL, NULL, NULL, NULL, NULL, NULL, NULL, NULL, NULL, NULL, NULL, NULL, 26, NULL);

-- --------------------------------------------------------

--
-- Table structure for table `bpls_t_authorize_rep`
--
-- Creation: Oct 09, 2018 at 08:42 PM
--

DROP TABLE IF EXISTS `bpls_t_authorize_rep`;
CREATE TABLE IF NOT EXISTS `bpls_t_authorize_rep` (
  `AR_ID` int(11) NOT NULL AUTO_INCREMENT,
  `AR_FNAME` varchar(50) NOT NULL,
  `AR_MNAME` varchar(50) DEFAULT NULL,
  `AR_LNAME` varchar(50) DEFAULT NULL,
  `AR_POSITION` varchar(50) DEFAULT NULL,
  `AR_HOME_ADDRESS` varchar(300) NOT NULL,
  PRIMARY KEY (`AR_ID`)
) ENGINE=InnoDB AUTO_INCREMENT=40 DEFAULT CHARSET=latin1 ROW_FORMAT=COMPACT;

--
-- RELATIONSHIPS FOR TABLE `bpls_t_authorize_rep`:
--

--
-- Dumping data for table `bpls_t_authorize_rep`
--

INSERT INTO `bpls_t_authorize_rep` (`AR_ID`, `AR_FNAME`, `AR_MNAME`, `AR_LNAME`, `AR_POSITION`, `AR_HOME_ADDRESS`) VALUES
(1, 'Dizon', 'Garrido', 'Dizon', NULL, 'basta somewhere'),
(2, 'Dizon', 'Garrido', 'Dizon', NULL, 'basta somewhere'),
(3, 'Dizon', 'Garrido', 'Dizon', NULL, 'basta somewhere'),
(4, 'Dizon', 'Garrido', 'Dizon', NULL, 'basta somewhere'),
(5, 'Dizon', 'Garrido', 'Dizon', NULL, 'basta somewhere'),
(6, 'Dizon', 'Garrido', 'Dizon', NULL, 'basta somewhere'),
(7, 'Dizon', 'Garrido', 'Dizon', NULL, 'basta somewhere'),
(8, 'Dizon', 'Garrido', 'Dizon', NULL, 'basta somewhere'),
(9, 'Dizon', 'Garrido', 'Dizon', NULL, 'Edi Sa Puso moo'),
(10, 'Dizon', 'Garrido', 'Dizon', NULL, 'Edi Sa Puso moo'),
(11, 'Dizon', 'Mae', 'Dizon', NULL, 'Augmented Divisoria'),
(12, 'Olive', 'Oil', 'Gabriel', NULL, 'Stonewall, NYC'),
(13, 'Olive', 'Oil', 'Gabriel', NULL, 'Stonewall, NYC'),
(14, 'Olive', 'Oil', 'Gabriel', NULL, 'Stonewall, NYC'),
(15, 'Olive', 'Oil', 'Gabriel', NULL, 'Stonewall, NYC'),
(16, 'Malene', 'GarridoX', 'Dizon', NULL, 'basta somewhere'),
(17, 'Malene', 'GarridoX', 'Dizon', NULL, 'basta somewhere'),
(18, 'Ronnnnnelynn', 'Villegas las vegas', 'Villegas', NULL, 'Sa may Q. Ave'),
(19, 'Ronnnnnelynn', 'Villegas las vegas', 'Villegas', NULL, 'Sa may Q. Ave'),
(20, 'Malene', 'Mae', 'Dizon', NULL, 'Line Corner'),
(21, 'Malene', 'Mae', 'Dizon', NULL, 'Line Corner'),
(22, 'Malene', 'MaAEE', 'Dizon', NULL, 'basta somewhereX'),
(23, 'Malene', 'MaAEE', 'Dizon', NULL, 'basta somewhereX'),
(24, 'Malene', 'MaAEE', 'Dizon', NULL, 'basta somewhereX'),
(25, 'Malene', 'MaAEE', 'Dizon', NULL, 'basta somewhereX'),
(26, 'Malene', 'Apo', 'Dizon', NULL, 'Batasan Road'),
(27, 'Malene', 'Garrido', 'Dizon', NULL, 'basta somewhere'),
(28, 'Malene', 'Garrido', 'Dizon', NULL, 'basta somewhere'),
(29, 'Alyana Mae', 'Apo', 'Dizon', NULL, 'Tandang Sora Avenue'),
(30, 'Alyana Mae', 'Apo', 'Dizon', NULL, 'Tandang Sora Avenue'),
(31, 'Alyana Mae', 'Apo', 'Dizon', NULL, 'Tandang Sora Avenue'),
(32, 'Alyana Mae', 'Apo', 'Dizon', NULL, 'Tandang Sora Avenue'),
(33, 'Carlo', NULL, NULL, 'CEO', '4564 Exut St. Tandang Sora CEO'),
(34, 'Carlo', NULL, NULL, 'CEO', '4564 Exut St. Tandang Sora CEO'),
(35, 'Carlo', NULL, NULL, 'CEO', '4564 Exut St. Tandang Sora CEO'),
(36, 'Carlo', NULL, NULL, 'CEO', '4564 Exut St. Tandang Sora CEO'),
(37, 'Carlo', NULL, NULL, 'CEO', '4564 Exut St. Tandang Sora CEO'),
(38, 'Jennifer', 'Nifer', 'Sanchez', NULL, 'Quezon Circle'),
(39, 'John Carlo ', 'Gutierrez', 'Gutierrez', NULL, '140x Green ville Subd.');

-- --------------------------------------------------------

--
-- Table structure for table `bpls_t_bp_application`
--
-- Creation: Oct 09, 2018 at 08:43 PM
--

DROP TABLE IF EXISTS `bpls_t_bp_application`;
CREATE TABLE IF NOT EXISTS `bpls_t_bp_application` (
  `AP_ID` int(11) NOT NULL AUTO_INCREMENT,
  `AP_REFERENCE_NO` varchar(20) NOT NULL,
  `AP_DATE` date NOT NULL,
  `AP_TYPE` enum('New','Renew') NOT NULL,
  `AP_STATUS` enum('Pending','Terminated','Success','Assess') NOT NULL DEFAULT 'Pending',
  `AP_DIV_CODE_TO` varchar(10) DEFAULT NULL,
  `AP_DIV_CODE_FROM` varchar(10) DEFAULT NULL,
  `AP_DATE_ACCESSED` date DEFAULT NULL,
  `AP_DATE_RE_INS` date DEFAULT NULL,
  `AP_RE_INS_DEAD` date DEFAULT NULL,
  `AP_REMARKS` text,
  `BU_ID` int(11) DEFAULT NULL,
  `TB_ID` int(11) DEFAULT NULL,
  `U_ID` int(11) DEFAULT NULL,
  PRIMARY KEY (`AP_ID`),
  UNIQUE KEY `UK_AP_REFERENCE_NO` (`AP_REFERENCE_NO`) USING BTREE,
  KEY `bp_application_fk_bu` (`BU_ID`) USING BTREE,
  KEY `bp_application_fk_u` (`U_ID`) USING BTREE,
  KEY `bp_application_fk_tb` (`TB_ID`) USING BTREE,
  KEY `application_fk_divto` (`AP_DIV_CODE_TO`) USING BTREE,
  KEY `application_fk_divfro` (`AP_DIV_CODE_FROM`) USING BTREE
) ENGINE=InnoDB AUTO_INCREMENT=31 DEFAULT CHARSET=latin1 ROW_FORMAT=COMPACT;

--
-- RELATIONSHIPS FOR TABLE `bpls_t_bp_application`:
--   `BU_ID`
--       `bpls_t_business` -> `BU_ID`
--   `AP_DIV_CODE_FROM`
--       `bpls_r_division` -> `DIV_CODE`
--   `AP_DIV_CODE_TO`
--       `bpls_r_division` -> `DIV_CODE`
--   `TB_ID`
--       `bpls_t_taxbill` -> `TB_ID`
--   `U_ID`
--       `bpls_t_user` -> `U_ID`
--

--
-- Dumping data for table `bpls_t_bp_application`
--

INSERT INTO `bpls_t_bp_application` (`AP_ID`, `AP_REFERENCE_NO`, `AP_DATE`, `AP_TYPE`, `AP_STATUS`, `AP_DIV_CODE_TO`, `AP_DIV_CODE_FROM`, `AP_DATE_ACCESSED`, `AP_DATE_RE_INS`, `AP_RE_INS_DEAD`, `AP_REMARKS`, `BU_ID`, `TB_ID`, `U_ID`) VALUES
(25, '253129-180905', '2018-09-05', 'New', 'Assess', 'DIV-TRE', 'DIV-EV', '2018-10-10', NULL, NULL, 'DONE', 25, 5, NULL),
(26, '263230-180905', '2018-09-05', 'New', 'Pending', 'DIV-EV', NULL, NULL, NULL, NULL, '', 26, NULL, NULL),
(28, '283734-180910', '2018-09-10', 'New', 'Assess', 'DIV-EV', 'DIV-INS', '2018-10-07', NULL, NULL, 'Labor Issues', 28, NULL, NULL),
(29, '293835-180910', '2018-09-10', 'New', 'Assess', 'DIV-EV', NULL, '2018-09-26', NULL, NULL, '', 29, NULL, NULL),
(30, '303936-180910', '2018-09-10', 'New', 'Assess', 'DIV-EV', 'DIV-INS', '2018-10-02', NULL, NULL, '', 30, NULL, NULL);

-- --------------------------------------------------------

--
-- Table structure for table `bpls_t_business`
--
-- Creation: Oct 09, 2018 at 08:43 PM
--

DROP TABLE IF EXISTS `bpls_t_business`;
CREATE TABLE IF NOT EXISTS `bpls_t_business` (
  `BU_ID` int(11) NOT NULL AUTO_INCREMENT,
  `BU_NAME` varchar(200) NOT NULL,
  `BU_PRESIDENT` varchar(100) DEFAULT NULL,
  `BU_LOCATION` varchar(300) NOT NULL,
  `BU_PROPERTY_INDEX_NO` varchar(35) NOT NULL,
  `BU_LOT_BLOCK_NO` varchar(35) NOT NULL,
  `BU_FAX_NO` char(11) DEFAULT NULL,
  `BU_CONTACT` char(11) NOT NULL,
  `SB_AREA` float DEFAULT NULL,
  `DTI_REG_NO` int(11) DEFAULT NULL,
  `DTI_DATE` date DEFAULT NULL,
  `SEC_REG_NO` int(11) DEFAULT NULL,
  `SEC_DATE` date DEFAULT NULL,
  `BU_EMP_NO` int(5) DEFAULT NULL,
  `BU_UNIT_NO` int(11) NOT NULL,
  `BU_AREA` float DEFAULT NULL,
  `BU_CAPITALIZATION` float DEFAULT NULL,
  `BN_ID` int(11) DEFAULT NULL,
  `TP_ID` int(11) DEFAULT NULL,
  `OT_CODE` varchar(10) DEFAULT NULL,
  `RENT_ID` int(11) DEFAULT NULL,
  PRIMARY KEY (`BU_ID`),
  KEY `business_fk_bn` (`BN_ID`) USING BTREE,
  KEY `business_fk_tp` (`TP_ID`) USING BTREE,
  KEY `business_fk_otcode` (`OT_CODE`) USING BTREE,
  KEY `business_fk_rent` (`RENT_ID`) USING BTREE
) ENGINE=InnoDB AUTO_INCREMENT=31 DEFAULT CHARSET=latin1 ROW_FORMAT=COMPACT;

--
-- RELATIONSHIPS FOR TABLE `bpls_t_business`:
--   `BN_ID`
--       `bpls_r_business_nature` -> `BN_ID`
--   `OT_CODE`
--       `bpls_r_ownership_type` -> `OT_CODE`
--   `RENT_ID`
--       `bpls_t_is_rented` -> `RENT_ID`
--   `TP_ID`
--       `bpls_t_taxpayer` -> `TP_ID`
--

--
-- Dumping data for table `bpls_t_business`
--

INSERT INTO `bpls_t_business` (`BU_ID`, `BU_NAME`, `BU_PRESIDENT`, `BU_LOCATION`, `BU_PROPERTY_INDEX_NO`, `BU_LOT_BLOCK_NO`, `BU_FAX_NO`, `BU_CONTACT`, `SB_AREA`, `DTI_REG_NO`, `DTI_DATE`, `SEC_REG_NO`, `SEC_DATE`, `BU_EMP_NO`, `BU_UNIT_NO`, `BU_AREA`, `BU_CAPITALIZATION`, `BN_ID`, `TP_ID`, `OT_CODE`, `RENT_ID`) VALUES
(1, 'La Creme PutCarideria', NULL, '65f 7869 T. Ave T. Sora', '6876876', '78576', '768745', '45664456', 45666, 6786687, '2018-08-26', NULL, NULL, 45, 435, 45666, 453453, 4, 4, 'OT-SIN', NULL),
(2, 'Mamita Carinderia', NULL, '65f 7869 T. Ave T. Sora', '6876876', '57656', '456456', '4564566', 56533, 6786687, '2018-08-26', NULL, NULL, 45, 435, 56533, 453453, 4, 5, 'OT-SIN', NULL),
(3, 'Soup De ganda', NULL, '59f 8898 Tambuntingga Tandang Sora', '6876876', '23453', '234554', '2345234', 56533, 2345352, '2018-08-26', NULL, NULL, 45, 435, 56533, 453453, 4, 6, 'OT-SIN', NULL),
(4, 'Beyence bOULET', NULL, '1f 435 T. AveT T. Sora', '6876876', '465465', '768745', '78745', 56533, 6786687, '2018-08-26', NULL, NULL, 23, 435, 56533, 453453, 4, 7, 'OT-SIN', NULL),
(5, 'Beyence bOULET', NULL, '1f 435 T. AveT T. Sora', '6876876', '465465', '768745', '78745', 56533, 6786687, '2018-08-26', NULL, NULL, 23, 435, 56533, 453453, 4, 8, 'OT-SIN', NULL),
(6, 'Mami Del PuutaSerya', NULL, '65f 7869 T. Ave T. Sora', '6876876', '452456', '456-4564', '789-6789', 34535, 6786687, '2018-08-26', NULL, NULL, 45, 435, 34535, 453453, 4, 9, 'OT-SIN', NULL),
(7, 'Cook n Slaying', NULL, 'Ultra Stall 775 Khemerlyn Katips', '6876876', '745646', '546-5465', '784-5654', 66.6, 6786687, '2018-08-26', NULL, NULL, 45, 435, 66.6, 453453, 4, 11, 'OT-SIN', NULL),
(8, 'Cook n Slaying', NULL, 'Ultra Stall 775 Khemerlyn Katips', '6876876', '745646', '546-5465', '784-5654', 66.6, 6786687, '2018-08-26', NULL, NULL, 45, 435, 66.6, 453453, 4, 12, 'OT-SIN', NULL),
(9, 'Cook n Slaying', NULL, 'Ultra Stall 775 Khemerlyn Katips', '6876876', '745646', '546-5465', '784-5654', 66.6, 6786687, '2018-08-26', NULL, NULL, 45, 435, 66.6, 453453, 4, 13, 'OT-SIN', NULL),
(10, 'La Creme PutCarideria', NULL, '65f 7869 T. Ave T. Sora', '6876876', '456456', '456-4645', '456-4566', 56533, 6786687, '2018-08-26', NULL, NULL, 45, 435, 56533, 453453, 4, 14, 'OT-SIN', NULL),
(11, 'La Creme PutCarideria', NULL, '65f 7869 T. Ave T. Sora', '6876876', '456456', '456-4645', '456-4566', 56533, 6786687, '2018-08-26', NULL, NULL, 45, 435, 56533, 453453, 4, 15, 'OT-SIN', NULL),
(12, 'Lana Del Soupas', NULL, 'Main Stall 7845 Food St. Tandang Sora', '48765465', '5646456', '661-6655', '962-2061', 2345, 565465465, '2017-06-25', NULL, NULL, 10, 435, 2345, 453453, 4, 16, 'OT-SIN', NULL),
(13, 'Lana Del Soupas', NULL, 'Main Stall 7845 Food St. Tandang Sora', '48765465', '5646456', '661-6655', '962-2061', 2345, 565465465, '2017-06-25', NULL, NULL, 10, 435, 2345, 453453, 4, 17, 'OT-SIN', NULL),
(14, 'Lagari Administrative Ofisu', NULL, '7 Floor 546 T. Ave T. Sora', '6876876', '4532456', '456-4564', '452-4464', 56533, 6786687, '2018-08-26', NULL, NULL, 45, 34, 56533, 453453, 2, 18, 'OT-SIN', NULL),
(15, 'Lagari Administrative Ofisu', NULL, '7 Floor 546 T. Ave T. Sora', '6876876', '4532456', '456-4564', '452-4464', 56533, 6786687, '2018-08-26', NULL, NULL, 45, 34, 56533, 453453, 2, 19, 'OT-SIN', NULL),
(16, 'La Roux Office', NULL, '45 789 Calle Tandang Sora', '6876876', '222', '242-4424', '242-3423', 56533, 234, '2018-08-26', NULL, NULL, 23, 435, 56533, 453453, 6, 20, 'OT-SIN', NULL),
(17, 'La Roux Office', NULL, '45 789 Calle Tandang Sora', '6876876', '222', '242-4424', '242-3423', 56533, 234, '2018-08-26', NULL, NULL, 23, 435, 56533, 453453, 6, 21, 'OT-SIN', NULL),
(18, 'La Roux Office', NULL, '45 789 Calle Tandang Sora', '6876876', '222', '242-4424', '242-3423', 56533, 234, '2018-08-26', NULL, NULL, 23, 435, 56533, 453453, 6, 22, 'OT-SIN', NULL),
(19, 'La Roux Office', NULL, '45 789 Calle Tandang Sora', '6876876', '222', '242-4424', '242-3423', 56533, 234, '2018-08-26', NULL, NULL, 23, 435, 56533, 453453, 6, 23, 'OT-SIN', NULL),
(20, 'La Cafe en Garde', NULL, '65f 789 Kinamay Tandang Sora', '78766', '564652', '784-5421', '965-6223', 565, 645646, '2018-01-07', NULL, NULL, 20, 34, 565, 453, 4, 24, 'OT-SIN', NULL),
(21, 'La Creme Put', NULL, '1f 8765 Street Fighter Tandang Sora', '654565', '7897465', '564-6523', '985-6321', 45, 56464654, '2015-09-27', NULL, NULL, 7, 34, 45, 453453, 4, 25, 'OT-SIN', NULL),
(22, 'La Creme Put', NULL, '1f 8765 Street Fighter Tandang Sora', '654565', '7897465', '564-6523', '985-6321', 45, 56464654, '2015-09-27', NULL, NULL, 7, 34, 45, 453453, 4, 26, 'OT-SIN', NULL),
(23, 'Ledger ni Tita', NULL, '4th Floor 454 Tandang Sora Ave. Tandang Sora', '7654631', '56432132', '645-3132', '956-1321', 34, 4564562, '2017-10-01', NULL, NULL, 89, 435, 34, 453, 1, 27, 'OT-SIN', NULL),
(24, 'Ledger ni Tita', NULL, '4th Floor 454 Tandang Sora Ave. Tandang Sora', '7654631', '56432132', '645-3132', '956-1321', 34, 4564562, '2017-10-01', NULL, NULL, 89, 435, 34, 453, 1, 28, 'OT-SIN', NULL),
(25, 'Familiar Warehousing', NULL, '4th Floor 454 Tandang Sora Ave. Tandang Sora', '7654631', '56432132', '645-3132', '956-1321', 34, 4564562, '2017-10-01', NULL, NULL, 89, 435, 34, 453, 55, 29, 'OT-SIN', NULL),
(26, 'Ledger ni Tita', NULL, '4th Floor 454 Tandang Sora Ave. Tandang Sora', '7654631', '56432132', '645-3132', '956-1321', 34, 4564562, '2017-10-01', NULL, NULL, 89, 435, 34, 453, 1, 30, 'OT-SIN', NULL),
(27, 'Carinderia n\' friends', 'Malene Dizon', '2 Stall 4564 Exut St. Tandang Sora', '4554456', '564612', '797-9787', '863-5464', 122, NULL, NULL, 5643132, '2018-08-26', 23, 45, 122, 45454, 4, 33, 'OT-PRT', NULL),
(28, 'KTV n\' friends', 'Malene Dizon', '2 Stall 4564 Exut St. Tandang Sora', '4554456', '564612', '797-9787', '863-5464', 122, NULL, NULL, 5643132, '2018-08-26', 23, 45, 122, 45454, 59, 34, 'OT-PRT', NULL),
(29, 'Carinderia ni Jen', NULL, 'Bldg 45 5765 Exut St. Tandang Sora', '45451', '454545', '874-6454', '765-4123', 45, 56656462, '2018-08-26', NULL, NULL, 13, 45, 45, 453, 4, 35, 'OT-SIN', NULL),
(30, 'Discuhan ng mga Bakla', NULL, 'Bldg 24 87 Tandang Sora Ave Tandang Sora', '4554554', '4564654', '787-676_', '787-6756', 45, 878887, '2018-08-26', NULL, NULL, 69, 34, 45, 676545, 60, 36, 'OT-SIN', NULL);

-- --------------------------------------------------------

--
-- Table structure for table `bpls_t_business_permit`
--
-- Creation: Oct 09, 2018 at 08:43 PM
--

DROP TABLE IF EXISTS `bpls_t_business_permit`;
CREATE TABLE IF NOT EXISTS `bpls_t_business_permit` (
  `BP_ID` int(11) NOT NULL AUTO_INCREMENT,
  `BP_NUMBER` int(11) NOT NULL,
  `BP_ISSUED_DATE` date NOT NULL,
  `BP_VALID_YEARS` int(3) DEFAULT NULL,
  `BP_REMARKS` varchar(300) NOT NULL,
  `BU_ID` int(11) DEFAULT NULL,
  `AP_ID` int(11) DEFAULT NULL,
  PRIMARY KEY (`BP_ID`),
  KEY `buspermit_fk_bu` (`BU_ID`) USING BTREE,
  KEY `buspermit_fk_ap` (`AP_ID`) USING BTREE
) ENGINE=InnoDB DEFAULT CHARSET=latin1 ROW_FORMAT=COMPACT;

--
-- RELATIONSHIPS FOR TABLE `bpls_t_business_permit`:
--   `AP_ID`
--       `bpls_t_bp_application` -> `AP_ID`
--   `BU_ID`
--       `bpls_t_business` -> `BU_ID`
--

-- --------------------------------------------------------

--
-- Table structure for table `bpls_t_employee_profile`
--
-- Creation: Oct 09, 2018 at 08:52 PM
--

DROP TABLE IF EXISTS `bpls_t_employee_profile`;
CREATE TABLE IF NOT EXISTS `bpls_t_employee_profile` (
  `EP_ID` int(11) NOT NULL AUTO_INCREMENT,
  `EP_FNAME` varchar(50) NOT NULL,
  `EP_MNAME` varchar(50) DEFAULT NULL,
  `EP_LNAME` varchar(50) NOT NULL,
  `EP_GENDER` varchar(10) NOT NULL,
  `EP_CONTACT_NO` char(11) NOT NULL,
  `EP_EMAIL` varchar(75) NOT NULL,
  `EP_BIRTHDATE` date NOT NULL,
  `EP_ADDRESS` varchar(500) NOT NULL,
  `EP_JOB_DESC` varchar(150) NOT NULL,
  `EP_STATUS` enum('Active','Inactive') NOT NULL DEFAULT 'Active',
  `DIV_ID` int(11) DEFAULT NULL,
  PRIMARY KEY (`EP_ID`),
  KEY `employee_profile_fk_div` (`DIV_ID`) USING BTREE
) ENGINE=InnoDB AUTO_INCREMENT=2 DEFAULT CHARSET=latin1 ROW_FORMAT=COMPACT;

--
-- RELATIONSHIPS FOR TABLE `bpls_t_employee_profile`:
--   `DIV_ID`
--       `bpls_r_division` -> `DIV_ID`
--

--
-- Dumping data for table `bpls_t_employee_profile`
--

INSERT INTO `bpls_t_employee_profile` (`EP_ID`, `EP_FNAME`, `EP_MNAME`, `EP_LNAME`, `EP_GENDER`, `EP_CONTACT_NO`, `EP_EMAIL`, `EP_BIRTHDATE`, `EP_ADDRESS`, `EP_JOB_DESC`, `EP_STATUS`, `DIV_ID`) VALUES
(1, 'John Carlo', 'Villar', 'Gutierrez', 'Other', '785442', 'jcgutierrez@gg.ph', '1999-03-01', '132 Gremville Subdivision', 'QC-Treasury', 'Active', 4);

-- --------------------------------------------------------

--
-- Table structure for table `bpls_t_fl_tb`
--
-- Creation: Oct 09, 2018 at 08:43 PM
--

DROP TABLE IF EXISTS `bpls_t_fl_tb`;
CREATE TABLE IF NOT EXISTS `bpls_t_fl_tb` (
  `TB_ID` int(11) NOT NULL,
  `FL_ID` int(11) NOT NULL,
  `AMOUNT` decimal(10,2) NOT NULL,
  KEY `fl_tb_fk_fl` (`FL_ID`) USING BTREE,
  KEY `fl_tb_fk_tb` (`TB_ID`) USING BTREE
) ENGINE=InnoDB DEFAULT CHARSET=latin1 ROW_FORMAT=COMPACT;

--
-- RELATIONSHIPS FOR TABLE `bpls_t_fl_tb`:
--   `FL_ID`
--       `bpls_r_fee_list` -> `FL_ID`
--   `TB_ID`
--       `bpls_t_taxbill` -> `TB_ID`
--

--
-- Dumping data for table `bpls_t_fl_tb`
--

INSERT INTO `bpls_t_fl_tb` (`TB_ID`, `FL_ID`, `AMOUNT`) VALUES
(5, 1, '100.00'),
(5, 2, '10000.00'),
(5, 3, '260.00'),
(5, 4, '450.00'),
(5, 5, '50.00'),
(5, 8, '50.00'),
(5, 14, '100.00'),
(5, 15, '0.00'),
(5, 20, '0.00'),
(5, 21, '1690.00');

-- --------------------------------------------------------

--
-- Table structure for table `bpls_t_inspections`
--
-- Creation: Oct 09, 2018 at 08:43 PM
--

DROP TABLE IF EXISTS `bpls_t_inspections`;
CREATE TABLE IF NOT EXISTS `bpls_t_inspections` (
  `INS_ID` int(11) NOT NULL AUTO_INCREMENT,
  `INS_AP_REFERENCE_NO` varchar(20) NOT NULL,
  `ZONING_INS` enum('Pass','Fail') NOT NULL,
  `FIRE_INS` enum('Pass','Fail') NOT NULL,
  `HEALTH_SANITATION_INS` enum('Pass','Fail') NOT NULL,
  `BUILDING_INS` enum('Pass','Fail') NOT NULL,
  `LABOR_INS` enum('Pass','Fail') NOT NULL,
  `MISC_INS` enum('Pass','Fail') NOT NULL,
  `INS_REMARKS` text,
  PRIMARY KEY (`INS_ID`),
  UNIQUE KEY `INS_AP_REFERENCE_NO` (`INS_AP_REFERENCE_NO`) USING BTREE
) ENGINE=InnoDB AUTO_INCREMENT=7 DEFAULT CHARSET=latin1 ROW_FORMAT=COMPACT;

--
-- RELATIONSHIPS FOR TABLE `bpls_t_inspections`:
--   `INS_AP_REFERENCE_NO`
--       `bpls_t_bp_application` -> `AP_REFERENCE_NO`
--

--
-- Dumping data for table `bpls_t_inspections`
--

INSERT INTO `bpls_t_inspections` (`INS_ID`, `INS_AP_REFERENCE_NO`, `ZONING_INS`, `FIRE_INS`, `HEALTH_SANITATION_INS`, `BUILDING_INS`, `LABOR_INS`, `MISC_INS`, `INS_REMARKS`) VALUES
(3, '303936-180910', 'Pass', 'Pass', 'Pass', 'Pass', 'Pass', 'Pass', ''),
(5, '253129-180905', 'Pass', 'Pass', 'Pass', 'Pass', 'Pass', 'Pass', 'DONE'),
(6, '283734-180910', 'Pass', 'Pass', 'Pass', 'Pass', 'Pass', 'Pass', 'Labor Issues');

-- --------------------------------------------------------

--
-- Table structure for table `bpls_t_is_rented`
--
-- Creation: Oct 09, 2018 at 08:43 PM
--

DROP TABLE IF EXISTS `bpls_t_is_rented`;
CREATE TABLE IF NOT EXISTS `bpls_t_is_rented` (
  `RENT_ID` int(11) NOT NULL AUTO_INCREMENT,
  `RENT_DATE_STARTED` date NOT NULL,
  `RENT_MONTHLY_RENTAL` float NOT NULL,
  `RENT_LESSOR` varchar(100) NOT NULL,
  PRIMARY KEY (`RENT_ID`)
) ENGINE=InnoDB AUTO_INCREMENT=39 DEFAULT CHARSET=latin1 ROW_FORMAT=COMPACT;

--
-- RELATIONSHIPS FOR TABLE `bpls_t_is_rented`:
--

--
-- Dumping data for table `bpls_t_is_rented`
--

INSERT INTO `bpls_t_is_rented` (`RENT_ID`, `RENT_DATE_STARTED`, `RENT_MONTHLY_RENTAL`, `RENT_LESSOR`) VALUES
(1, '2018-08-26', 45664, 'Carlo'),
(2, '2018-08-26', 45664, 'Carlo'),
(3, '2018-08-26', 45664, 'Carlo'),
(4, '2018-08-26', 45664, '45456'),
(5, '2018-08-26', 45664, '45456'),
(6, '2018-08-26', 45664, 'Carlo'),
(7, '2018-08-26', 45664, 'Carlo'),
(8, '2018-08-26', 45664, 'Carlo'),
(9, '2018-08-26', 45664, 'Carlo'),
(10, '2018-08-26', 45664, 'Maperang Vaccla'),
(11, '2018-08-26', 23423, 'Corporal'),
(12, '2018-08-26', 23423, 'Corporal'),
(13, '2018-08-26', 23423, 'Corporal'),
(14, '2018-08-26', 23423, 'Corporal'),
(15, '2018-08-26', 45664, 'Carlo'),
(16, '2018-08-26', 45664, 'Carlo'),
(17, '2018-06-04', 45664, 'Carlo'),
(18, '2018-06-04', 45664, 'Carlo'),
(19, '2018-08-26', 45664, 'Carlo Gutierrez'),
(20, '2018-08-26', 45664, 'Carlo Gutierrez'),
(21, '2018-08-26', 45664, 'Carlo'),
(22, '2018-08-26', 45664, 'Carlo'),
(23, '2018-08-26', 45664, 'Carlo'),
(24, '2018-08-26', 45664, 'Carlo'),
(25, '2018-04-01', 45664, 'Carlo Gutierrez'),
(26, '2018-02-25', 45664, 'Carlo Gutierrez'),
(27, '2018-02-25', 45664, 'Carlo Gutierrez'),
(28, '2018-04-01', 45664, 'Carlo Gutierrez'),
(29, '2018-04-01', 45664, 'Carlo Gutierrez'),
(30, '2018-04-01', 45664, 'Carlo Gutierrez'),
(31, '2018-04-01', 45664, 'Carlo Gutierrez'),
(32, '2018-07-01', 7545660, 'Malene'),
(33, '2018-07-01', 7545660, 'Malene'),
(34, '2018-07-01', 7545660, 'Malene'),
(35, '2018-08-26', 7545660, 'Malene'),
(36, '2018-08-26', 7545660, 'Malene'),
(37, '2018-08-26', 345345, 'Patrick'),
(38, '2018-04-29', 5665, 'John Carlo');

-- --------------------------------------------------------

--
-- Table structure for table `bpls_t_official_receipt`
--
-- Creation: Oct 09, 2018 at 08:43 PM
--

DROP TABLE IF EXISTS `bpls_t_official_receipt`;
CREATE TABLE IF NOT EXISTS `bpls_t_official_receipt` (
  `OR_ID` int(11) NOT NULL AUTO_INCREMENT,
  `OR_DATE` date NOT NULL,
  `OR_PYMT_TYPE` enum('Cash','Treasury Warrant','Check','Money Order') NOT NULL,
  `OR_TW_CH_MO_NO` varchar(20) DEFAULT NULL,
  `OR_TW_CH_MO_DATE` date DEFAULT NULL,
  `OIC_CITY_TREASURER` int(11) NOT NULL,
  `TB_ID` int(11) NOT NULL,
  PRIMARY KEY (`OR_ID`),
  KEY `official_receipt_fk_tb` (`TB_ID`) USING BTREE
) ENGINE=InnoDB DEFAULT CHARSET=latin1 ROW_FORMAT=COMPACT;

--
-- RELATIONSHIPS FOR TABLE `bpls_t_official_receipt`:
--   `TB_ID`
--       `bpls_t_taxbill` -> `TB_ID`
--

-- --------------------------------------------------------

--
-- Table structure for table `bpls_t_taxbill`
--
-- Creation: Oct 09, 2018 at 08:43 PM
--

DROP TABLE IF EXISTS `bpls_t_taxbill`;
CREATE TABLE IF NOT EXISTS `bpls_t_taxbill` (
  `TB_ID` int(11) NOT NULL AUTO_INCREMENT,
  `TB_BILL_NO` varchar(30) NOT NULL,
  `TB_DATE_BILLED` date NOT NULL,
  `ASSESSED_BY` int(11) NOT NULL,
  `VERIFIED_BY` int(11) NOT NULL,
  `REC_APPROVAL_BY` int(11) NOT NULL,
  `APPROVED_BY` int(11) NOT NULL,
  PRIMARY KEY (`TB_ID`),
  KEY `taxbill_fk_assessed` (`ASSESSED_BY`) USING BTREE,
  KEY `taxbill_fk_verified` (`VERIFIED_BY`) USING BTREE,
  KEY `taxbill_fk_reccom` (`REC_APPROVAL_BY`) USING BTREE,
  KEY `taxbill_fk_approved` (`APPROVED_BY`) USING BTREE
) ENGINE=InnoDB AUTO_INCREMENT=6 DEFAULT CHARSET=latin1 ROW_FORMAT=COMPACT;

--
-- RELATIONSHIPS FOR TABLE `bpls_t_taxbill`:
--   `APPROVED_BY`
--       `bpls_t_employee_profile` -> `EP_ID`
--   `ASSESSED_BY`
--       `bpls_t_employee_profile` -> `EP_ID`
--   `REC_APPROVAL_BY`
--       `bpls_t_employee_profile` -> `EP_ID`
--   `VERIFIED_BY`
--       `bpls_t_employee_profile` -> `EP_ID`
--

--
-- Dumping data for table `bpls_t_taxbill`
--

INSERT INTO `bpls_t_taxbill` (`TB_ID`, `TB_BILL_NO`, `TB_DATE_BILLED`, `ASSESSED_BY`, `VERIFIED_BY`, `REC_APPROVAL_BY`, `APPROVED_BY`) VALUES
(5, '00253129180905', '2018-10-10', 1, 1, 1, 1);

-- --------------------------------------------------------

--
-- Table structure for table `bpls_t_taxpayer`
--
-- Creation: Oct 09, 2018 at 08:43 PM
--

DROP TABLE IF EXISTS `bpls_t_taxpayer`;
CREATE TABLE IF NOT EXISTS `bpls_t_taxpayer` (
  `TP_ID` int(11) NOT NULL AUTO_INCREMENT,
  `TP_FNAME` varchar(50) NOT NULL,
  `TP_MNAME` varchar(50) DEFAULT NULL,
  `TP_LNAME` varchar(50) DEFAULT NULL,
  `TP_NATIONALITY` varchar(50) DEFAULT 'Filipino',
  `TP_HOME_ADDRESS` varchar(300) DEFAULT NULL,
  `TP_TIN` varchar(20) NOT NULL,
  `TP_SSS_NO` varchar(20) DEFAULT NULL,
  `TP_STATUS` varchar(10) NOT NULL DEFAULT 'Active',
  PRIMARY KEY (`TP_ID`)
) ENGINE=InnoDB AUTO_INCREMENT=37 DEFAULT CHARSET=latin1 ROW_FORMAT=COMPACT;

--
-- RELATIONSHIPS FOR TABLE `bpls_t_taxpayer`:
--

--
-- Dumping data for table `bpls_t_taxpayer`
--

INSERT INTO `bpls_t_taxpayer` (`TP_ID`, `TP_FNAME`, `TP_MNAME`, `TP_LNAME`, `TP_NATIONALITY`, `TP_HOME_ADDRESS`, `TP_TIN`, `TP_SSS_NO`, `TP_STATUS`) VALUES
(1, 'ALYNA', 'MAeMae', 'APO', 'Filipino', 'basta somewhere', '8676455', '456456', 'Active'),
(2, 'ALYNA', 'MAeMae', 'APO', 'Filipino', 'basta somewhere', '8676455', '454646', 'Active'),
(3, 'ALYNA', 'MAeMae', 'APO', 'Filipino', 'basta somewhere', '8676455', '456456', 'Active'),
(4, 'ALYNA', 'MAeMae', 'APO', 'Filipino', 'basta somewhere', '8676455', '456456', 'Active'),
(5, 'ALYNA', 'MAeMae', 'APO', 'Filipino', 'basta somewhere', '8676455', '456456', 'Active'),
(6, 'JOHN Carlo ', 'Villar', 'Gutierrez', 'Filipino', '6969 Tambuntingga Tandang Sora Quezon City', '3245', '2345235', 'Active'),
(7, 'Maria', 'Mariaaaaaaa', 'Alejandria', 'Filipino', '785 kabaw Firviw Quezon City', '8676455', '454646', 'Active'),
(8, 'Maria', 'Mariaaaaaaa', 'Alejandria', 'Filipino', '785 kabaw Firviw Quezon City', '8676455', '454646', 'Active'),
(9, 'Patrick', 'Loyololololol', 'Alejandria', 'Filipino', '666 TokwatBeyonce T. Sora Quezon City', '8676455', '454646', 'Active'),
(10, 'Turonnelyn', 'Jhemerlyn', 'Villegurs', 'Filipino', '45 Vending Street Tandang Katips Quezon City', '8676455', '78745645', 'Active'),
(11, 'Turonnelyn', 'Jhemerlyn', 'Villegurs', 'Filipino', '45 Vending Street Tandang Katips Quezon City', '8676455', '78745645', 'Active'),
(12, 'Turonnelyn', 'Jhemerlyn', 'Villegurs', 'Filipino', '45 Vending Street Tandang Katips Quezon City', '8676455', '78745645', 'Active'),
(13, 'Turonnelyn', 'Jhemerlyn', 'Villegurs', 'Filipino', '45 Vending Street Tandang Katips Quezon City', '8676455', '78745645', 'Active'),
(14, 'ALYNA', 'MAeMae', 'APO', 'Filipino', '666 Tokwa T. Sora Quezon City', '8676455', '4564456', 'Active'),
(15, 'ALYNA', 'MAeMae', 'APO', 'Filipino', '666 Tokwa T. Sora Quezon City', '8676455', '4564456', 'Active'),
(16, 'John Carlo', 'Gutierrez', 'Aligaen', 'Filipino', '4545 Food St. Tandang Sora Quezon City', '5654645', '454646', 'Active'),
(17, 'John Carlo', 'Gutierrez', 'Aligaen', 'Filipino', '4545 Food St. Tandang Sora Quezon City', '5654645', '454646', 'Active'),
(18, 'Alyana', 'Venti', 'Grande', 'Filipino', '667 Admin Land Quezon Ave. Quezon City', '8676455', '454646', 'Active'),
(19, 'Alyana', 'Venti', 'Grande', 'Filipino', '667 Admin Land Quezon Ave. Quezon City', '8676455', '454646', 'Active'),
(20, 'Venti', 'Grande', 'APO', 'Filipino', '45 Chenka Tandang Sora Quezon City', '8676455', '234234234', 'Active'),
(21, 'Venti', 'Grande', 'APO', 'Filipino', '45 Chenka Tandang Sora Quezon City', '8676455', '234234234', 'Active'),
(22, 'Venti', 'Grande', 'APO', 'Filipino', '45 Chenka Tandang Sora Quezon City', '8676455', '234234234', 'Active'),
(23, 'Venti', 'Grande', 'APO', 'Filipino', '45 Chenka Tandang Sora Quezon City', '8676455', '234234234', 'Active'),
(24, 'John Carlo', 'Villar', 'Gutierrez', 'Filipino', '985 Kinamay Tandang Sora Quezon City', '654646', '454646', 'Active'),
(25, 'Malene', 'Dizon', 'APO', 'Filipino', '878 Seyla T. Sora Quezon City', '4654654', '454646', 'Active'),
(26, 'Malene', 'Dizon', 'APO', 'Filipino', '878 Seyla T. Sora Quezon City', '4654654', '454646', 'Active'),
(27, 'Maria', 'Michaeela', 'Alejandria', 'Filipino', '140-A Tandang Sora Homes Tandang Sora Quezon City', '564532', '454646', 'Active'),
(28, 'Maria', 'Michaeela', 'Alejandria', 'Filipino', '140-A Tandang Sora Homes Tandang Sora Quezon City', '564532', '454646', 'Active'),
(29, 'Maria', 'Michaeela', 'Alejandria', 'Filipino', '140-A Tandang Sora Homes Tandang Sora Quezon City', '564532', '454646', 'Active'),
(30, 'Maria', 'Michaeela', 'Alejandria', 'Filipino', '140-A Tandang Sora Homes Tandang Sora Quezon City', '564532', '454646', 'Active'),
(31, 'Alyana Apo', NULL, NULL, 'Filipino', NULL, '4445464654', '45464513213', 'Active'),
(32, 'Alyana Apo', NULL, NULL, 'Filipino', NULL, '4445464654', '45464513213', 'Active'),
(33, 'Alyana Apo', NULL, NULL, 'Filipino', NULL, '44454646', '564653213', 'Active'),
(34, 'Alyana Apo', NULL, NULL, 'Filipino', NULL, '44454646', '564653213', 'Active'),
(35, 'Carlo', 'Gutierrez', 'Gutierrez', 'Filipino', '234 Avenue ST Tandang Sora Quezon City', '54545454', '454123123', 'Active'),
(36, 'John Carlo', 'Villar', 'Gutierrez', 'Filipino', '140X Green Vile  Subd. Tandang Sora Quezon City', '5465456', '78976765', 'Active');

-- --------------------------------------------------------

--
-- Table structure for table `bpls_t_user`
--
-- Creation: Oct 09, 2018 at 08:56 PM
--

DROP TABLE IF EXISTS `bpls_t_user`;
CREATE TABLE IF NOT EXISTS `bpls_t_user` (
  `U_ID` int(11) NOT NULL AUTO_INCREMENT,
  `U_USERNAME` varchar(25) NOT NULL,
  `U_PASSWORD` blob NOT NULL,
  `U_STATUS` enum('Active','Inactive') NOT NULL DEFAULT 'Active',
  `U_ROLE` varchar(10) DEFAULT NULL,
  `EP_ID` int(11) DEFAULT NULL,
  PRIMARY KEY (`U_ID`),
  UNIQUE KEY `U_ROLE_ID` (`U_ROLE`) USING BTREE,
  KEY `user_fk_ep` (`EP_ID`) USING BTREE
) ENGINE=InnoDB AUTO_INCREMENT=2 DEFAULT CHARSET=latin1 ROW_FORMAT=COMPACT;

--
-- RELATIONSHIPS FOR TABLE `bpls_t_user`:
--   `U_ROLE`
--       `bpls_r_division` -> `DIV_CODE`
--   `EP_ID`
--       `bpls_t_employee_profile` -> `EP_ID`
--

--
-- Dumping data for table `bpls_t_user`
--

INSERT INTO `bpls_t_user` (`U_ID`, `U_USERNAME`, `U_PASSWORD`, `U_STATUS`, `U_ROLE`, `EP_ID`) VALUES
(1, 'sysadmin', 0x73797361646d696e, 'Active', 'DIV-EV', NULL);

-- --------------------------------------------------------

--
-- Table structure for table `oc_r_employee`
--
-- Creation: Oct 09, 2018 at 08:43 PM
--

DROP TABLE IF EXISTS `oc_r_employee`;
CREATE TABLE IF NOT EXISTS `oc_r_employee` (
  `EP_ID` int(11) NOT NULL AUTO_INCREMENT,
  `EP_FNAME` varchar(50) NOT NULL,
  `EP_MNAME` varchar(50) DEFAULT NULL,
  `EP_LNAME` varchar(50) NOT NULL,
  `EP_SEX` char(1) NOT NULL,
  `EP_CONTACT_NO` char(11) NOT NULL,
  `EP_EMAIL` varchar(50) NOT NULL,
  `EP_BIRTHDATE` date NOT NULL,
  `EP_ADDRESS` varchar(500) NOT NULL,
  `EP_JOB_DESC` varchar(150) NOT NULL,
  `EP_CIVIL_STATUS` char(1) NOT NULL,
  `EP_STATUS` int(1) NOT NULL DEFAULT '1',
  `UR_ID` int(11) NOT NULL,
  `EP_USERNAME` varchar(50) NOT NULL,
  `EP_PASSWORD` varchar(50) NOT NULL,
  PRIMARY KEY (`EP_ID`),
  KEY `ep_fk_ur` (`UR_ID`) USING BTREE
) ENGINE=InnoDB AUTO_INCREMENT=4 DEFAULT CHARSET=latin1 ROW_FORMAT=COMPACT;

--
-- RELATIONSHIPS FOR TABLE `oc_r_employee`:
--   `UR_ID`
--       `oc_r_user_roles` -> `UR_ID`
--

-- --------------------------------------------------------

--
-- Table structure for table `oc_r_job_desc`
--
-- Creation: Oct 09, 2018 at 08:43 PM
--

DROP TABLE IF EXISTS `oc_r_job_desc`;
CREATE TABLE IF NOT EXISTS `oc_r_job_desc` (
  `JD_ID` int(11) NOT NULL AUTO_INCREMENT,
  `JD_NAME` varchar(100) NOT NULL,
  `JD_FEE` int(5) NOT NULL,
  PRIMARY KEY (`JD_ID`)
) ENGINE=InnoDB AUTO_INCREMENT=63 DEFAULT CHARSET=latin1 ROW_FORMAT=COMPACT;

--
-- RELATIONSHIPS FOR TABLE `oc_r_job_desc`:
--

-- --------------------------------------------------------

--
-- Table structure for table `oc_r_requirements`
--
-- Creation: Oct 09, 2018 at 08:43 PM
--

DROP TABLE IF EXISTS `oc_r_requirements`;
CREATE TABLE IF NOT EXISTS `oc_r_requirements` (
  `REQ_ID` int(11) NOT NULL AUTO_INCREMENT,
  `REQ_NBI_POLICE_CLR` varchar(300) DEFAULT NULL,
  `REQ_HEALTH_CERT` varchar(300) DEFAULT NULL,
  `REQ_CEDULA_CTC` varchar(300) DEFAULT NULL,
  `REQ_PARENTAL_CONSENT` varchar(300) DEFAULT NULL,
  `REQ_AEP` varchar(300) DEFAULT NULL,
  `REQ_AFFIDAVIT_WAIVER` varchar(300) DEFAULT NULL,
  `REQ_ID_PIC` varchar(300) DEFAULT NULL,
  `OAF_ID` int(11) NOT NULL,
  `EP_ID` int(11) DEFAULT NULL,
  PRIMARY KEY (`REQ_ID`),
  KEY `req_fk_oaf` (`OAF_ID`) USING BTREE,
  KEY `req_fk_ep` (`EP_ID`) USING BTREE
) ENGINE=InnoDB DEFAULT CHARSET=latin1 ROW_FORMAT=COMPACT;

--
-- RELATIONSHIPS FOR TABLE `oc_r_requirements`:
--   `EP_ID`
--       `oc_r_employee` -> `EP_ID`
--   `OAF_ID`
--       `oc_t_application_frm` -> `OAF_ID`
--

-- --------------------------------------------------------

--
-- Table structure for table `oc_r_user_roles`
--
-- Creation: Oct 09, 2018 at 08:43 PM
--

DROP TABLE IF EXISTS `oc_r_user_roles`;
CREATE TABLE IF NOT EXISTS `oc_r_user_roles` (
  `UR_ID` int(11) NOT NULL AUTO_INCREMENT,
  `UR_TYPE` varchar(50) NOT NULL,
  `UR_DESC` varchar(300) NOT NULL,
  PRIMARY KEY (`UR_ID`)
) ENGINE=InnoDB AUTO_INCREMENT=4 DEFAULT CHARSET=latin1 ROW_FORMAT=COMPACT;

--
-- RELATIONSHIPS FOR TABLE `oc_r_user_roles`:
--

-- --------------------------------------------------------

--
-- Table structure for table `oc_t_applicant`
--
-- Creation: Oct 09, 2018 at 08:43 PM
--

DROP TABLE IF EXISTS `oc_t_applicant`;
CREATE TABLE IF NOT EXISTS `oc_t_applicant` (
  `OA_ID` int(11) NOT NULL AUTO_INCREMENT,
  `OA_NAME` varchar(100) NOT NULL,
  `OA_COMP_NAME` varchar(50) DEFAULT NULL,
  `OA_ADDRESS` varchar(300) NOT NULL,
  `OA_SEX` char(1) NOT NULL,
  `OA_POSITION` varchar(100) NOT NULL,
  `OA_EMAIL` varchar(50) NOT NULL,
  `OA_CONTACT_NO` char(11) NOT NULL,
  `OA_DATE` date NOT NULL,
  PRIMARY KEY (`OA_ID`)
) ENGINE=InnoDB DEFAULT CHARSET=latin1 ROW_FORMAT=COMPACT;

--
-- RELATIONSHIPS FOR TABLE `oc_t_applicant`:
--

-- --------------------------------------------------------

--
-- Table structure for table `oc_t_application_frm`
--
-- Creation: Oct 09, 2018 at 08:43 PM
--

DROP TABLE IF EXISTS `oc_t_application_frm`;
CREATE TABLE IF NOT EXISTS `oc_t_application_frm` (
  `OAF_ID` int(11) NOT NULL AUTO_INCREMENT,
  `OAF_FNAME` varchar(50) NOT NULL,
  `OAF_MNAME` varchar(50) DEFAULT NULL,
  `OAF_LNAME` varchar(50) NOT NULL,
  `OAF_ADDRESS` varchar(300) NOT NULL,
  `OAF_BIRTHDATE` date NOT NULL,
  `OAF_SEX` char(1) NOT NULL,
  `OAF_CIVIL_STATUS` char(1) NOT NULL,
  `OAF_COMPANY` varchar(100) NOT NULL,
  `OAF_PLC_ASSIGNED` varchar(300) NOT NULL DEFAULT 'Quezon City',
  `OAF_CEDULA_NO` varchar(50) NOT NULL,
  `OAF_NBI_POLICE_CLR` varchar(50) NOT NULL,
  `OAF_HEALTH_RCPT_NO` varchar(50) NOT NULL,
  `OAF_CONTACT_NO` char(11) NOT NULL,
  `OAF_DATE` date NOT NULL,
  `AP_ID` int(11) NOT NULL,
  `JD_ID` int(11) NOT NULL,
  `OAF_UNIFIED_FILE` longblob NOT NULL,
  `OAF_UNIFIED_FILE_NAME` text NOT NULL,
  PRIMARY KEY (`OAF_ID`),
  KEY `oaf_fk_ap` (`AP_ID`) USING BTREE,
  KEY `oaf_fk_jd` (`JD_ID`) USING BTREE
) ENGINE=InnoDB DEFAULT CHARSET=latin1 ROW_FORMAT=COMPACT;

--
-- RELATIONSHIPS FOR TABLE `oc_t_application_frm`:
--   `AP_ID`
--       `oc_t_applicant` -> `OA_ID`
--   `JD_ID`
--       `oc_r_job_desc` -> `JD_ID`
--

-- --------------------------------------------------------

--
-- Table structure for table `oc_t_occupational_permit`
--
-- Creation: Oct 09, 2018 at 08:43 PM
--

DROP TABLE IF EXISTS `oc_t_occupational_permit`;
CREATE TABLE IF NOT EXISTS `oc_t_occupational_permit` (
  `OCP_ID` varchar(20) NOT NULL,
  `OAF_ID` int(11) NOT NULL,
  `REQ_ID` int(11) NOT NULL,
  `OCP_VALID_DATE` date NOT NULL,
  `OR_ID` varchar(20) NOT NULL,
  `EP_ID` int(11) DEFAULT NULL,
  PRIMARY KEY (`OCP_ID`),
  KEY `ocp_fk_oaf` (`OAF_ID`) USING BTREE,
  KEY `ocp_fk_req` (`REQ_ID`) USING BTREE,
  KEY `ocp_fk_or` (`OR_ID`) USING BTREE,
  KEY `ocp_fk_ep` (`EP_ID`) USING BTREE
) ENGINE=InnoDB DEFAULT CHARSET=latin1 ROW_FORMAT=COMPACT;

--
-- RELATIONSHIPS FOR TABLE `oc_t_occupational_permit`:
--   `EP_ID`
--       `oc_r_employee` -> `EP_ID`
--   `OAF_ID`
--       `oc_t_application_frm` -> `OAF_ID`
--   `OR_ID`
--       `oc_t_official_receipt` -> `OR_ID`
--   `REQ_ID`
--       `oc_r_requirements` -> `REQ_ID`
--

-- --------------------------------------------------------

--
-- Table structure for table `oc_t_official_receipt`
--
-- Creation: Oct 09, 2018 at 08:43 PM
--

DROP TABLE IF EXISTS `oc_t_official_receipt`;
CREATE TABLE IF NOT EXISTS `oc_t_official_receipt` (
  `OR_ID` varchar(20) NOT NULL,
  `OP_ID` varchar(20) NOT NULL,
  `OR_AMT_PAID` double(5,2) NOT NULL,
  `OP_DATE` date NOT NULL,
  `EP_ID` int(11) DEFAULT NULL,
  PRIMARY KEY (`OR_ID`),
  KEY `or_fk_op` (`OP_ID`) USING BTREE,
  KEY `or_fk_ep` (`EP_ID`) USING BTREE
) ENGINE=InnoDB DEFAULT CHARSET=latin1 ROW_FORMAT=COMPACT;

--
-- RELATIONSHIPS FOR TABLE `oc_t_official_receipt`:
--   `EP_ID`
--       `oc_r_employee` -> `EP_ID`
--   `OP_ID`
--       `oc_t_order_pymnt` -> `OP_ID`
--

-- --------------------------------------------------------

--
-- Table structure for table `oc_t_order_pymnt`
--
-- Creation: Oct 09, 2018 at 08:43 PM
--

DROP TABLE IF EXISTS `oc_t_order_pymnt`;
CREATE TABLE IF NOT EXISTS `oc_t_order_pymnt` (
  `OP_ID` varchar(20) NOT NULL,
  `OP_IDPIC_FEE` int(5) NOT NULL DEFAULT '20',
  `OP_RATE_FEE` int(5) NOT NULL,
  `OP_DATE` date NOT NULL,
  `OAF_ID` int(11) NOT NULL,
  PRIMARY KEY (`OP_ID`),
  KEY `op_fk_oaf` (`OAF_ID`) USING BTREE
) ENGINE=InnoDB DEFAULT CHARSET=latin1 ROW_FORMAT=COMPACT;

--
-- RELATIONSHIPS FOR TABLE `oc_t_order_pymnt`:
--   `OAF_ID`
--       `oc_t_application_frm` -> `OAF_ID`
--

-- --------------------------------------------------------

--
-- Stand-in structure for view `view_applicationformsev`
-- (See below for the actual view)
--
DROP VIEW IF EXISTS `view_applicationformsev`;
CREATE TABLE IF NOT EXISTS `view_applicationformsev` (
`AP_REFERENCE_NO` varchar(20)
,`BU_NAME` varchar(200)
,`BU_PRESIDENT` varchar(100)
,`TAX_PAYERNAME` varchar(152)
,`BU_LOCATION` varchar(300)
,`BU_CONTACT` char(11)
,`AUTH_REPNAME` varchar(152)
,`AR_HOME_ADDRESS` varchar(300)
,`BN_NAME` varchar(100)
,`BN_CLASSIFICATION` enum('S','L')
,`OT_NAME` varchar(50)
,`OT_CODE` varchar(10)
,`AP_TYPE` enum('New','Renew')
,`AP_DATE` date
,`AT_UNIFIED_FILE_NAME` text
,`AP_ID` int(11)
,`AP_STATUS` enum('Pending','Terminated','Success','Assess')
,`AP_DIV_CODE_TO` varchar(10)
,`AP_DIV_CODE_FROM` varchar(10)
,`AT_ID` int(11)
,`AT_BRGY_CLEARANCE` enum('Pass','Fail')
,`AT_DTI_REGISTRATION` enum('Pass','Fail')
,`AT_SEC_REGISTRATION` enum('Pass','Fail')
,`AT_TITLE_TO_PROPERTY` enum('Pass','Fail')
,`AT_TAX_DECLARATION` enum('Pass','Fail')
,`AT_CONTRACT_OF_LEASE` enum('Pass','Fail')
,`AT_LESSORS_BP` enum('Pass','Fail')
,`AT_AUTHORIZATION` enum('Pass','Fail')
,`AT_LOCATIONAL_CLR` enum('Pass','Fail')
,`AT_SANITARY_HEALTH_CERT` enum('Pass','Fail')
,`AT_BUILDING_PERMIT` enum('Pass','Fail')
,`AT_POLLUTION_CLR` enum('Pass','Fail')
,`AT_MECHANICAL_PERMIT` enum('Pass','Fail')
,`AT_ELECTRICAL_INSP` enum('Pass','Fail')
,`AT_POLICE_CLEARANCE` enum('Pass','Fail')
,`AT_CTAO_CLEARANCE_CERT` enum('Pass','Fail')
,`AT_FSIC` enum('Pass','Fail')
,`AT_PREV_BP` enum('Pass','Fail')
,`AT_TAX_BILL` enum('Pass','Fail')
,`AT_OFFICIAL_RECEIPT` enum('Pass','Fail')
,`AT_PCAB_LICENSE` enum('Pass','Fail')
,`AT_MISC_DOCUMENTS` enum('Pass','Fail')
,`AP_Remarks` text
);

-- --------------------------------------------------------

--
-- Stand-in structure for view `view_applicationformsip`
-- (See below for the actual view)
--
DROP VIEW IF EXISTS `view_applicationformsip`;
CREATE TABLE IF NOT EXISTS `view_applicationformsip` (
`AP_REFERENCE_NO` varchar(20)
,`BU_NAME` varchar(200)
,`BU_PRESIDENT` varchar(100)
,`TAX_PAYERNAME` varchar(152)
,`BU_LOCATION` varchar(300)
,`BU_CONTACT` char(11)
,`AUTH_REPNAME` varchar(152)
,`AR_HOME_ADDRESS` varchar(300)
,`BN_NAME` varchar(100)
,`BN_CLASSIFICATION` enum('S','L')
,`OT_NAME` varchar(50)
,`OT_CODE` varchar(10)
,`AP_TYPE` enum('New','Renew')
,`AP_DATE` date
,`AP_ID` int(11)
,`AP_STATUS` enum('Pending','Terminated','Success','Assess')
,`AP_DIV_CODE_TO` varchar(10)
,`AP_DIV_CODE_FROM` varchar(10)
);

-- --------------------------------------------------------

--
-- Stand-in structure for view `view_applicationformsiv`
-- (See below for the actual view)
--
DROP VIEW IF EXISTS `view_applicationformsiv`;
CREATE TABLE IF NOT EXISTS `view_applicationformsiv` (
`AP_REFERENCE_NO` varchar(20)
,`BU_NAME` varchar(200)
,`BU_PRESIDENT` varchar(100)
,`TAX_PAYERNAME` varchar(152)
,`BU_LOCATION` varchar(300)
,`BU_CONTACT` char(11)
,`AUTH_REPNAME` varchar(152)
,`AR_HOME_ADDRESS` varchar(300)
,`BN_NAME` varchar(100)
,`BN_CLASSIFICATION` enum('S','L')
,`OT_NAME` varchar(50)
,`OT_CODE` varchar(10)
,`AP_TYPE` enum('New','Renew')
,`AP_DATE` date
,`AP_ID` int(11)
,`AP_STATUS` enum('Pending','Terminated','Success','Assess')
,`AP_DIV_CODE_TO` varchar(10)
,`AP_DIV_CODE_FROM` varchar(10)
,`ZONING_INS` enum('Pass','Fail')
,`FIRE_INS` enum('Pass','Fail')
,`HEALTH_SANITATION_INS` enum('Pass','Fail')
,`BUILDING_INS` enum('Pass','Fail')
,`LABOR_INS` enum('Pass','Fail')
,`MISC_INS` enum('Pass','Fail')
,`INS_REMARKS` text
);

-- --------------------------------------------------------

--
-- Stand-in structure for view `view_applicationformstre`
-- (See below for the actual view)
--
DROP VIEW IF EXISTS `view_applicationformstre`;
CREATE TABLE IF NOT EXISTS `view_applicationformstre` (
`AP_REFERENCE_NO` varchar(20)
,`BU_NAME` varchar(200)
,`BN_NAME` varchar(100)
,`TP_NAME` varchar(152)
,`TP_HOME_ADDRESS` varchar(300)
,`TB_ID` int(11)
,`TB_DATE_BILLED` date
,`EMP_NAME` varchar(152)
);

-- --------------------------------------------------------

--
-- Stand-in structure for view `view_routeslip`
-- (See below for the actual view)
--
DROP VIEW IF EXISTS `view_routeslip`;
CREATE TABLE IF NOT EXISTS `view_routeslip` (
`AP_REFERENCE_NO` varchar(20)
,`AP_TYPE` enum('New','Renew')
,`AP_STATUS` enum('Pending','Terminated','Success','Assess')
,`AP_DIV_CODE_TO` varchar(10)
,`AP_DATE_ACCESSED` date
,`AP_REMARKS` text
,`BU_NAME` varchar(200)
,`BU_PRESIDENT` varchar(100)
,`BU_LOCATION` varchar(300)
,`BU_CONTACT` char(11)
,`TP_FNAME` varchar(50)
,`TP_MNAME` varchar(50)
,`TP_LNAME` varchar(50)
,`TP_HOME_ADDRESS` varchar(300)
,`BN_NAME` varchar(100)
,`BN_CLASSIFICATION` enum('S','L')
,`DIV_NAME` varchar(50)
);

-- --------------------------------------------------------

--
-- Stand-in structure for view `view_terminatedap`
-- (See below for the actual view)
--
DROP VIEW IF EXISTS `view_terminatedap`;
CREATE TABLE IF NOT EXISTS `view_terminatedap` (
`BU_NAME` varchar(200)
,`AP_DATE_ACCESSED` date
,`AP_REMARKS` text
,`AP_DIV_CODE_TO` varchar(10)
);

-- --------------------------------------------------------

--
-- Structure for view `view_applicationformsev`
--
DROP TABLE IF EXISTS `view_applicationformsev`;

CREATE ALGORITHM=UNDEFINED DEFINER=`root`@`localhost` SQL SECURITY DEFINER VIEW `view_applicationformsev`  AS  select `AP`.`AP_REFERENCE_NO` AS `AP_REFERENCE_NO`,`BUS`.`BU_NAME` AS `BU_NAME`,`BUS`.`BU_PRESIDENT` AS `BU_PRESIDENT`,concat(`TP`.`TP_FNAME`,' ',coalesce(`TP`.`TP_MNAME`,' '),' ',coalesce(`TP`.`TP_LNAME`,' ')) AS `TAX_PAYERNAME`,`BUS`.`BU_LOCATION` AS `BU_LOCATION`,`BUS`.`BU_CONTACT` AS `BU_CONTACT`,concat(`AR`.`AR_FNAME`,' ',coalesce(`AR`.`AR_MNAME`,' '),' ',coalesce(`AR`.`AR_LNAME`,' ')) AS `AUTH_REPNAME`,`AR`.`AR_HOME_ADDRESS` AS `AR_HOME_ADDRESS`,`BN`.`BN_NAME` AS `BN_NAME`,`BN`.`BN_CLASSIFICATION` AS `BN_CLASSIFICATION`,`OT`.`OT_NAME` AS `OT_NAME`,`OT`.`OT_CODE` AS `OT_CODE`,`AP`.`AP_TYPE` AS `AP_TYPE`,`AP`.`AP_DATE` AS `AP_DATE`,`ATC`.`AT_UNIFIED_FILE_NAME` AS `AT_UNIFIED_FILE_NAME`,`AP`.`AP_ID` AS `AP_ID`,`AP`.`AP_STATUS` AS `AP_STATUS`,`AP`.`AP_DIV_CODE_TO` AS `AP_DIV_CODE_TO`,`AP`.`AP_DIV_CODE_FROM` AS `AP_DIV_CODE_FROM`,`ATC`.`AT_ID` AS `AT_ID`,`ATC`.`AT_BRGY_CLEARANCE` AS `AT_BRGY_CLEARANCE`,`ATC`.`AT_DTI_REGISTRATION` AS `AT_DTI_REGISTRATION`,`ATC`.`AT_SEC_REGISTRATION` AS `AT_SEC_REGISTRATION`,`ATC`.`AT_TITLE_TO_PROPERTY` AS `AT_TITLE_TO_PROPERTY`,`ATC`.`AT_TAX_DECLARATION` AS `AT_TAX_DECLARATION`,`ATC`.`AT_CONTRACT_OF_LEASE` AS `AT_CONTRACT_OF_LEASE`,`ATC`.`AT_LESSORS_BP` AS `AT_LESSORS_BP`,`ATC`.`AT_AUTHORIZATION` AS `AT_AUTHORIZATION`,`ATC`.`AT_LOCATIONAL_CLR` AS `AT_LOCATIONAL_CLR`,`ATC`.`AT_SANITARY_HEALTH_CERT` AS `AT_SANITARY_HEALTH_CERT`,`ATC`.`AT_BUILDING_PERMIT` AS `AT_BUILDING_PERMIT`,`ATC`.`AT_POLLUTION_CLR` AS `AT_POLLUTION_CLR`,`ATC`.`AT_MECHANICAL_PERMIT` AS `AT_MECHANICAL_PERMIT`,`ATC`.`AT_ELECTRICAL_INSP` AS `AT_ELECTRICAL_INSP`,`ATC`.`AT_POLICE_CLEARANCE` AS `AT_POLICE_CLEARANCE`,`ATC`.`AT_CTAO_CLEARANCE_CERT` AS `AT_CTAO_CLEARANCE_CERT`,`ATC`.`AT_FSIC` AS `AT_FSIC`,`ATC`.`AT_PREV_BP` AS `AT_PREV_BP`,`ATC`.`AT_TAX_BILL` AS `AT_TAX_BILL`,`ATC`.`AT_OFFICIAL_RECEIPT` AS `AT_OFFICIAL_RECEIPT`,`ATC`.`AT_PCAB_LICENSE` AS `AT_PCAB_LICENSE`,`ATC`.`AT_MISC_DOCUMENTS` AS `AT_MISC_DOCUMENTS`,`ATC`.`AP_Remarks` AS `AP_Remarks` from ((((((((`bpls_t_business` `BUS` join `bpls_r_business_nature` `BN` on((`BN`.`BN_ID` = `BUS`.`BN_ID`))) join `bpls_r_ownership_type` `OT` on((`OT`.`OT_CODE` = `BUS`.`OT_CODE`))) join `bpls_t_bp_application` `AP` on((`AP`.`BU_ID` = `BUS`.`BU_ID`))) join `bpls_t_taxpayer` `TP` on((`TP`.`TP_ID` = `BUS`.`TP_ID`))) join `bpls_r_bu_ar` `BUxAR` on((`BUxAR`.`BU_ID` = `BUS`.`BU_ID`))) join `bpls_t_authorize_rep` `AR` on((`AR`.`AR_ID` = `BUxAR`.`AR_ID`))) join `bpls_t_attachments` `ATC` on((`ATC`.`AP_ID` = `AP`.`AP_ID`))) join `bpls_r_division` `DIVS` on((`DIVS`.`DIV_CODE` = `AP`.`AP_DIV_CODE_TO`))) where ((`AP`.`AP_DIV_CODE_TO` = 'DIV-EV') and ((`AP`.`AP_STATUS` = 'Pending') or (`AP`.`AP_STATUS` = 'Assess'))) ;

-- --------------------------------------------------------

--
-- Structure for view `view_applicationformsip`
--
DROP TABLE IF EXISTS `view_applicationformsip`;

CREATE ALGORITHM=UNDEFINED DEFINER=`root`@`localhost` SQL SECURITY DEFINER VIEW `view_applicationformsip`  AS  select `AP`.`AP_REFERENCE_NO` AS `AP_REFERENCE_NO`,`BUS`.`BU_NAME` AS `BU_NAME`,`BUS`.`BU_PRESIDENT` AS `BU_PRESIDENT`,concat(`TP`.`TP_FNAME`,' ',coalesce(`TP`.`TP_MNAME`,' '),' ',coalesce(`TP`.`TP_LNAME`,' ')) AS `TAX_PAYERNAME`,`BUS`.`BU_LOCATION` AS `BU_LOCATION`,`BUS`.`BU_CONTACT` AS `BU_CONTACT`,concat(`AR`.`AR_FNAME`,' ',coalesce(`AR`.`AR_MNAME`,' '),' ',coalesce(`AR`.`AR_LNAME`,' ')) AS `AUTH_REPNAME`,`AR`.`AR_HOME_ADDRESS` AS `AR_HOME_ADDRESS`,`BN`.`BN_NAME` AS `BN_NAME`,`BN`.`BN_CLASSIFICATION` AS `BN_CLASSIFICATION`,`OT`.`OT_NAME` AS `OT_NAME`,`OT`.`OT_CODE` AS `OT_CODE`,`AP`.`AP_TYPE` AS `AP_TYPE`,`AP`.`AP_DATE` AS `AP_DATE`,`AP`.`AP_ID` AS `AP_ID`,`AP`.`AP_STATUS` AS `AP_STATUS`,`AP`.`AP_DIV_CODE_TO` AS `AP_DIV_CODE_TO`,`AP`.`AP_DIV_CODE_FROM` AS `AP_DIV_CODE_FROM` from (((((((`bpls_t_business` `BUS` join `bpls_r_business_nature` `BN` on((`BN`.`BN_ID` = `BUS`.`BN_ID`))) join `bpls_r_ownership_type` `OT` on((`OT`.`OT_CODE` = `BUS`.`OT_CODE`))) join `bpls_t_bp_application` `AP` on((`AP`.`BU_ID` = `BUS`.`BU_ID`))) join `bpls_t_taxpayer` `TP` on((`TP`.`TP_ID` = `BUS`.`TP_ID`))) join `bpls_r_bu_ar` `BUxAR` on((`BUxAR`.`BU_ID` = `BUS`.`BU_ID`))) join `bpls_t_authorize_rep` `AR` on((`AR`.`AR_ID` = `BUxAR`.`AR_ID`))) join `bpls_r_division` `DIVS` on((`DIVS`.`DIV_CODE` = `AP`.`AP_DIV_CODE_TO`))) where (`AP`.`AP_DIV_CODE_TO` = 'DIV-INS') ;

-- --------------------------------------------------------

--
-- Structure for view `view_applicationformsiv`
--
DROP TABLE IF EXISTS `view_applicationformsiv`;

CREATE ALGORITHM=UNDEFINED DEFINER=`root`@`localhost` SQL SECURITY DEFINER VIEW `view_applicationformsiv`  AS  select `AP`.`AP_REFERENCE_NO` AS `AP_REFERENCE_NO`,`BUS`.`BU_NAME` AS `BU_NAME`,`BUS`.`BU_PRESIDENT` AS `BU_PRESIDENT`,concat(`TP`.`TP_FNAME`,' ',coalesce(`TP`.`TP_MNAME`,' '),' ',coalesce(`TP`.`TP_LNAME`,' ')) AS `TAX_PAYERNAME`,`BUS`.`BU_LOCATION` AS `BU_LOCATION`,`BUS`.`BU_CONTACT` AS `BU_CONTACT`,concat(`AR`.`AR_FNAME`,' ',coalesce(`AR`.`AR_MNAME`,' '),' ',coalesce(`AR`.`AR_LNAME`,' ')) AS `AUTH_REPNAME`,`AR`.`AR_HOME_ADDRESS` AS `AR_HOME_ADDRESS`,`BN`.`BN_NAME` AS `BN_NAME`,`BN`.`BN_CLASSIFICATION` AS `BN_CLASSIFICATION`,`OT`.`OT_NAME` AS `OT_NAME`,`OT`.`OT_CODE` AS `OT_CODE`,`AP`.`AP_TYPE` AS `AP_TYPE`,`AP`.`AP_DATE` AS `AP_DATE`,`AP`.`AP_ID` AS `AP_ID`,`AP`.`AP_STATUS` AS `AP_STATUS`,`AP`.`AP_DIV_CODE_TO` AS `AP_DIV_CODE_TO`,`AP`.`AP_DIV_CODE_FROM` AS `AP_DIV_CODE_FROM`,`INS`.`ZONING_INS` AS `ZONING_INS`,`INS`.`FIRE_INS` AS `FIRE_INS`,`INS`.`HEALTH_SANITATION_INS` AS `HEALTH_SANITATION_INS`,`INS`.`BUILDING_INS` AS `BUILDING_INS`,`INS`.`LABOR_INS` AS `LABOR_INS`,`INS`.`MISC_INS` AS `MISC_INS`,`INS`.`INS_REMARKS` AS `INS_REMARKS` from ((((((((`bpls_t_business` `BUS` join `bpls_r_business_nature` `BN` on((`BN`.`BN_ID` = `BUS`.`BN_ID`))) join `bpls_r_ownership_type` `OT` on((`OT`.`OT_CODE` = `BUS`.`OT_CODE`))) join `bpls_t_bp_application` `AP` on((`AP`.`BU_ID` = `BUS`.`BU_ID`))) join `bpls_t_taxpayer` `TP` on((`TP`.`TP_ID` = `BUS`.`TP_ID`))) join `bpls_r_bu_ar` `BUxAR` on((`BUxAR`.`BU_ID` = `BUS`.`BU_ID`))) join `bpls_t_authorize_rep` `AR` on((`AR`.`AR_ID` = `BUxAR`.`AR_ID`))) join `bpls_t_inspections` `INS` on((`INS`.`INS_AP_REFERENCE_NO` = `AP`.`AP_REFERENCE_NO`))) join `bpls_r_division` `DIVS` on((`DIVS`.`DIV_CODE` = `AP`.`AP_DIV_CODE_TO`))) where (`AP`.`AP_DIV_CODE_TO` = 'DIV-INV') ;

-- --------------------------------------------------------

--
-- Structure for view `view_applicationformstre`
--
DROP TABLE IF EXISTS `view_applicationformstre`;

CREATE ALGORITHM=UNDEFINED DEFINER=`root`@`localhost` SQL SECURITY DEFINER VIEW `view_applicationformstre`  AS  select `BPA`.`AP_REFERENCE_NO` AS `AP_REFERENCE_NO`,`BU`.`BU_NAME` AS `BU_NAME`,`NT`.`BN_NAME` AS `BN_NAME`,concat(`TX`.`TP_FNAME`,' ',`TX`.`TP_MNAME`,' ',`TX`.`TP_LNAME`) AS `TP_NAME`,`TX`.`TP_HOME_ADDRESS` AS `TP_HOME_ADDRESS`,`T`.`TB_ID` AS `TB_ID`,`T`.`TB_DATE_BILLED` AS `TB_DATE_BILLED`,concat(`EMP`.`EP_FNAME`,' ',`EMP`.`EP_MNAME`,' ',`EMP`.`EP_LNAME`) AS `EMP_NAME` from (((((`bpls_t_bp_application` `BPA` join `bpls_t_business` `BU` on((`BPA`.`BU_ID` = `BU`.`BU_ID`))) join `bpls_t_taxpayer` `TX` on((`BU`.`TP_ID` = `TX`.`TP_ID`))) join `bpls_t_taxbill` `T` on((`BPA`.`TB_ID` = `T`.`TB_ID`))) join `bpls_r_business_nature` `NT` on((`BU`.`BN_ID` = `NT`.`BN_ID`))) join `bpls_t_employee_profile` `EMP` on((`T`.`ASSESSED_BY` = `EMP`.`EP_ID`))) where (`BPA`.`AP_DIV_CODE_TO` = 'DIV-TRE') ;

-- --------------------------------------------------------

--
-- Structure for view `view_routeslip`
--
DROP TABLE IF EXISTS `view_routeslip`;

CREATE ALGORITHM=UNDEFINED DEFINER=`root`@`localhost` SQL SECURITY DEFINER VIEW `view_routeslip`  AS  select `BP`.`AP_REFERENCE_NO` AS `AP_REFERENCE_NO`,`BP`.`AP_TYPE` AS `AP_TYPE`,`BP`.`AP_STATUS` AS `AP_STATUS`,`BP`.`AP_DIV_CODE_TO` AS `AP_DIV_CODE_TO`,`BP`.`AP_DATE_ACCESSED` AS `AP_DATE_ACCESSED`,`BP`.`AP_REMARKS` AS `AP_REMARKS`,`BU`.`BU_NAME` AS `BU_NAME`,`BU`.`BU_PRESIDENT` AS `BU_PRESIDENT`,`BU`.`BU_LOCATION` AS `BU_LOCATION`,`BU`.`BU_CONTACT` AS `BU_CONTACT`,`t`.`TP_FNAME` AS `TP_FNAME`,`t`.`TP_MNAME` AS `TP_MNAME`,`t`.`TP_LNAME` AS `TP_LNAME`,`t`.`TP_HOME_ADDRESS` AS `TP_HOME_ADDRESS`,`BN`.`BN_NAME` AS `BN_NAME`,`BN`.`BN_CLASSIFICATION` AS `BN_CLASSIFICATION`,`DV`.`DIV_NAME` AS `DIV_NAME` from ((((`bpls_t_bp_application` `BP` join `bpls_t_business` `BU` on((`BP`.`BU_ID` = `BU`.`BU_ID`))) join `bpls_r_business_nature` `BN` on((`BU`.`BN_ID` = `BN`.`BN_ID`))) join `bpls_t_taxpayer` `t` on((`BU`.`TP_ID` = `t`.`TP_ID`))) join `bpls_r_division` `DV` on((`BP`.`AP_DIV_CODE_TO` = `DV`.`DIV_CODE`))) ;

-- --------------------------------------------------------

--
-- Structure for view `view_terminatedap`
--
DROP TABLE IF EXISTS `view_terminatedap`;

CREATE ALGORITHM=UNDEFINED DEFINER=`root`@`localhost` SQL SECURITY DEFINER VIEW `view_terminatedap`  AS  select `BUS`.`BU_NAME` AS `BU_NAME`,`BP`.`AP_DATE_ACCESSED` AS `AP_DATE_ACCESSED`,`BP`.`AP_REMARKS` AS `AP_REMARKS`,`BP`.`AP_DIV_CODE_TO` AS `AP_DIV_CODE_TO` from (`bpls_t_bp_application` `BP` join `bpls_t_business` `BUS` on((`BUS`.`BU_ID` = `BP`.`BU_ID`))) where (`BP`.`AP_STATUS` = 'Terminated') ;

--
-- Constraints for dumped tables
--

--
-- Constraints for table `bpls_r_bu_ar`
--
ALTER TABLE `bpls_r_bu_ar`
  ADD CONSTRAINT `bu_ar_fk_ar` FOREIGN KEY (`AR_ID`) REFERENCES `bpls_t_authorize_rep` (`AR_ID`),
  ADD CONSTRAINT `bu_ar_fk_bu` FOREIGN KEY (`BU_ID`) REFERENCES `bpls_t_business` (`BU_ID`);

--
-- Constraints for table `bpls_r_ot_bn_req`
--
ALTER TABLE `bpls_r_ot_bn_req`
  ADD CONSTRAINT `ot_bn_req_fk_bn` FOREIGN KEY (`BN_ID`) REFERENCES `bpls_r_business_nature` (`BN_ID`),
  ADD CONSTRAINT `ot_bn_req_fk_ot` FOREIGN KEY (`OT_ID`) REFERENCES `bpls_r_ownership_type` (`OT_ID`),
  ADD CONSTRAINT `ot_bn_req_fk_rt` FOREIGN KEY (`RT_ID`) REFERENCES `bpls_r_req_type` (`RT_ID`);

--
-- Constraints for table `bpls_t_attachments`
--
ALTER TABLE `bpls_t_attachments`
  ADD CONSTRAINT `attachments_fk_ap` FOREIGN KEY (`AP_ID`) REFERENCES `bpls_t_bp_application` (`AP_ID`),
  ADD CONSTRAINT `attachments_fk_rt` FOREIGN KEY (`REQ_GRP_ID`) REFERENCES `bpls_r_req_type` (`RT_ID`);

--
-- Constraints for table `bpls_t_bp_application`
--
ALTER TABLE `bpls_t_bp_application`
  ADD CONSTRAINT `application_fk_bu` FOREIGN KEY (`BU_ID`) REFERENCES `bpls_t_business` (`BU_ID`),
  ADD CONSTRAINT `application_fk_divfro` FOREIGN KEY (`AP_DIV_CODE_FROM`) REFERENCES `bpls_r_division` (`DIV_CODE`),
  ADD CONSTRAINT `application_fk_divto` FOREIGN KEY (`AP_DIV_CODE_TO`) REFERENCES `bpls_r_division` (`DIV_CODE`),
  ADD CONSTRAINT `application_fk_tb` FOREIGN KEY (`TB_ID`) REFERENCES `bpls_t_taxbill` (`TB_ID`),
  ADD CONSTRAINT `application_fk_u` FOREIGN KEY (`U_ID`) REFERENCES `bpls_t_user` (`U_ID`);

--
-- Constraints for table `bpls_t_business`
--
ALTER TABLE `bpls_t_business`
  ADD CONSTRAINT `business_fk_bn` FOREIGN KEY (`BN_ID`) REFERENCES `bpls_r_business_nature` (`BN_ID`),
  ADD CONSTRAINT `business_fk_otcode` FOREIGN KEY (`OT_CODE`) REFERENCES `bpls_r_ownership_type` (`OT_CODE`),
  ADD CONSTRAINT `business_fk_rent` FOREIGN KEY (`RENT_ID`) REFERENCES `bpls_t_is_rented` (`RENT_ID`),
  ADD CONSTRAINT `business_fk_tp` FOREIGN KEY (`TP_ID`) REFERENCES `bpls_t_taxpayer` (`TP_ID`);

--
-- Constraints for table `bpls_t_business_permit`
--
ALTER TABLE `bpls_t_business_permit`
  ADD CONSTRAINT `buspermit_fk_ap` FOREIGN KEY (`AP_ID`) REFERENCES `bpls_t_bp_application` (`AP_ID`),
  ADD CONSTRAINT `buspermit_fk_bu` FOREIGN KEY (`BU_ID`) REFERENCES `bpls_t_business` (`BU_ID`);

--
-- Constraints for table `bpls_t_employee_profile`
--
ALTER TABLE `bpls_t_employee_profile`
  ADD CONSTRAINT `employee_fk_div` FOREIGN KEY (`DIV_ID`) REFERENCES `bpls_r_division` (`DIV_ID`);

--
-- Constraints for table `bpls_t_fl_tb`
--
ALTER TABLE `bpls_t_fl_tb`
  ADD CONSTRAINT `fl_tb_fk_fl` FOREIGN KEY (`FL_ID`) REFERENCES `bpls_r_fee_list` (`FL_ID`) ON DELETE CASCADE,
  ADD CONSTRAINT `fl_tb_fk_tb` FOREIGN KEY (`TB_ID`) REFERENCES `bpls_t_taxbill` (`TB_ID`) ON DELETE CASCADE;

--
-- Constraints for table `bpls_t_inspections`
--
ALTER TABLE `bpls_t_inspections`
  ADD CONSTRAINT `insp_fk_refno` FOREIGN KEY (`INS_AP_REFERENCE_NO`) REFERENCES `bpls_t_bp_application` (`AP_REFERENCE_NO`);

--
-- Constraints for table `bpls_t_official_receipt`
--
ALTER TABLE `bpls_t_official_receipt`
  ADD CONSTRAINT `official_receipt_fk_tb` FOREIGN KEY (`TB_ID`) REFERENCES `bpls_t_taxbill` (`TB_ID`);

--
-- Constraints for table `bpls_t_taxbill`
--
ALTER TABLE `bpls_t_taxbill`
  ADD CONSTRAINT `taxbill_fk_approved_by` FOREIGN KEY (`APPROVED_BY`) REFERENCES `bpls_t_employee_profile` (`EP_ID`),
  ADD CONSTRAINT `taxbill_fk_assessed_by` FOREIGN KEY (`ASSESSED_BY`) REFERENCES `bpls_t_employee_profile` (`EP_ID`),
  ADD CONSTRAINT `taxbill_fk_rec_approval` FOREIGN KEY (`REC_APPROVAL_BY`) REFERENCES `bpls_t_employee_profile` (`EP_ID`),
  ADD CONSTRAINT `taxbill_fk_verified_by` FOREIGN KEY (`VERIFIED_BY`) REFERENCES `bpls_t_employee_profile` (`EP_ID`);

--
-- Constraints for table `bpls_t_user`
--
ALTER TABLE `bpls_t_user`
  ADD CONSTRAINT `user_fk_divcode` FOREIGN KEY (`U_ROLE`) REFERENCES `bpls_r_division` (`DIV_CODE`),
  ADD CONSTRAINT `user_fk_ep` FOREIGN KEY (`EP_ID`) REFERENCES `bpls_t_employee_profile` (`EP_ID`);

--
-- Constraints for table `oc_r_employee`
--
ALTER TABLE `oc_r_employee`
  ADD CONSTRAINT `ep_fk_ur` FOREIGN KEY (`UR_ID`) REFERENCES `oc_r_user_roles` (`UR_ID`);

--
-- Constraints for table `oc_r_requirements`
--
ALTER TABLE `oc_r_requirements`
  ADD CONSTRAINT `req_fk_ep` FOREIGN KEY (`EP_ID`) REFERENCES `oc_r_employee` (`EP_ID`),
  ADD CONSTRAINT `req_fk_oaf` FOREIGN KEY (`OAF_ID`) REFERENCES `oc_t_application_frm` (`OAF_ID`);

--
-- Constraints for table `oc_t_application_frm`
--
ALTER TABLE `oc_t_application_frm`
  ADD CONSTRAINT `oaf_fk_ap` FOREIGN KEY (`AP_ID`) REFERENCES `oc_t_applicant` (`OA_ID`) ON DELETE CASCADE,
  ADD CONSTRAINT `oaf_fk_jd` FOREIGN KEY (`JD_ID`) REFERENCES `oc_r_job_desc` (`JD_ID`) ON DELETE CASCADE;

--
-- Constraints for table `oc_t_occupational_permit`
--
ALTER TABLE `oc_t_occupational_permit`
  ADD CONSTRAINT `ocp_fk_ep` FOREIGN KEY (`EP_ID`) REFERENCES `oc_r_employee` (`EP_ID`) ON DELETE CASCADE,
  ADD CONSTRAINT `ocp_fk_oaf` FOREIGN KEY (`OAF_ID`) REFERENCES `oc_t_application_frm` (`OAF_ID`) ON DELETE CASCADE,
  ADD CONSTRAINT `ocp_fk_or` FOREIGN KEY (`OR_ID`) REFERENCES `oc_t_official_receipt` (`OR_ID`) ON DELETE CASCADE,
  ADD CONSTRAINT `ocp_fk_req` FOREIGN KEY (`REQ_ID`) REFERENCES `oc_r_requirements` (`REQ_ID`) ON DELETE CASCADE;

--
-- Constraints for table `oc_t_official_receipt`
--
ALTER TABLE `oc_t_official_receipt`
  ADD CONSTRAINT `or_fk_ep` FOREIGN KEY (`EP_ID`) REFERENCES `oc_r_employee` (`EP_ID`),
  ADD CONSTRAINT `or_fk_op` FOREIGN KEY (`OP_ID`) REFERENCES `oc_t_order_pymnt` (`OP_ID`);

--
-- Constraints for table `oc_t_order_pymnt`
--
ALTER TABLE `oc_t_order_pymnt`
  ADD CONSTRAINT `op_fk_oaf` FOREIGN KEY (`OAF_ID`) REFERENCES `oc_t_application_frm` (`OAF_ID`);

DELIMITER $$
--
-- Events
--
DROP EVENT `reinspectionduration`$$
CREATE DEFINER=`root`@`localhost` EVENT `reinspectionduration` ON SCHEDULE EVERY 2 MINUTE STARTS '2018-10-10 04:53:35' ON COMPLETION NOT PRESERVE ENABLE DO UPDATE bpls_t_bp_application
            SET AP_DIV_CODE_TO = 'DIV-INS'
            WHERE DATEDIFF(AP_DATE_RE_INS, CURRENT_TIMESTAMP) < 1$$

DELIMITER ;
COMMIT;

/*!40101 SET CHARACTER_SET_CLIENT=@OLD_CHARACTER_SET_CLIENT */;
/*!40101 SET CHARACTER_SET_RESULTS=@OLD_CHARACTER_SET_RESULTS */;
/*!40101 SET COLLATION_CONNECTION=@OLD_COLLATION_CONNECTION */;
